K. Nikiema (Goalkeeper),https://datamb.football/K_Nikiema_Goalkeeper_stats
J. De Busser (Goalkeeper),https://datamb.football/J_De_Busser_Goalkeeper_stats
Ewerton (Goalkeeper),https://datamb.football/Ewerton_Goalkeeper_stats
M. ter Stegen (Goalkeeper),https://datamb.football/M_ter_Stegen_Goalkeeper_stats
Matheus Mendes (Goalkeeper),https://datamb.football/Matheus_Mendes_Goalkeeper_stats
A. Lopes (Goalkeeper),https://datamb.football/A_Lopes_Goalkeeper_stats
I. de Arruabarrena (Goalkeeper),https://datamb.football/I_de_Arruabarrena_Goalkeeper_stats
David Raya (Goalkeeper),https://datamb.football/David_Raya_Goalkeeper_stats
Z. Suzuki (Goalkeeper),https://datamb.football/Z_Suzuki_Goalkeeper_stats
M. Carnesecchi (Goalkeeper),https://datamb.football/M_Carnesecchi_Goalkeeper_stats
Unai Simón (Goalkeeper),https://datamb.football/Unai_Simon_Goalkeeper_stats
J. Oblak (Goalkeeper),https://datamb.football/J_Oblak_Goalkeeper_stats
Finn Dahmen (Goalkeeper),https://datamb.football/Finn_Dahmen_Goalkeeper_stats
M. Diop (Goalkeeper),https://datamb.football/M_Diop_Goalkeeper_stats
Joan García (Goalkeeper),https://datamb.football/Joan_Garcia_Goalkeeper_stats
M. Flekken (Goalkeeper),https://datamb.football/M_Flekken_Goalkeeper_stats
M. Neuer (Goalkeeper),https://datamb.football/M_Neuer_Goalkeeper_stats
Samuel Soares (Goalkeeper),https://datamb.football/Samuel_Soares_Goalkeeper_stats
Ł. Skorupski (Goalkeeper),https://datamb.football/_Skorupski_Goalkeeper_stats
G. Kobel (Goalkeeper),https://datamb.football/G_Kobel_Goalkeeper_stats
Moritz Nicolas (Goalkeeper),https://datamb.football/Moritz_Nicolas_Goalkeeper_stats
D. Petrović (Goalkeeper),https://datamb.football/D_Petrovi__Goalkeeper_stats
C. Kelleher (Goalkeeper),https://datamb.football/C_Kelleher_Goalkeeper_stats
Egil Selvik (Goalkeeper),https://datamb.football/Egil_Selvik_Goalkeeper_stats
B. Verbruggen (Goalkeeper),https://datamb.football/B_Verbruggen_Goalkeeper_stats
E. Caprile (Goalkeeper),https://datamb.football/E_Caprile_Goalkeeper_stats
T. Jansen (Goalkeeper),https://datamb.football/T_Jansen_Goalkeeper_stats
André Gomes (Goalkeeper),https://datamb.football/Andre_Gomes_Goalkeeper_stats
A. Radu (Goalkeeper),https://datamb.football/A_Radu_Goalkeeper_stats
E. Martínez (Goalkeeper),https://datamb.football/E_Martinez_Goalkeeper_stats
J. Butez (Goalkeeper),https://datamb.football/J_Butez_Goalkeeper_stats
C. Rushworth (Goalkeeper),https://datamb.football/C_Rushworth_Goalkeeper_stats
D. Henderson (Goalkeeper),https://datamb.football/D_Henderson_Goalkeeper_stats
Antonio Sivera (Goalkeeper),https://datamb.football/Antonio_Sivera_Goalkeeper_stats
Leo Román (Goalkeeper),https://datamb.football/Leo_Roman_Goalkeeper_stats
N. Atubolu (Goalkeeper),https://datamb.football/N_Atubolu_Goalkeeper_stats
M. Dituro (Goalkeeper),https://datamb.football/M_Dituro_Goalkeeper_stats
Nicolas Kristof (Goalkeeper),https://datamb.football/Nicolas_Kristof_Goalkeeper_stats
M. Dmitrović (Goalkeeper),https://datamb.football/M_Dmitrovi__Goalkeeper_stats
Joel Robles (Goalkeeper),https://datamb.football/Joel_Robles_Goalkeeper_stats
Léo Linck (Goalkeeper),https://datamb.football/Leo_Linck_Goalkeeper_stats
J. Pickford (Goalkeeper),https://datamb.football/J_Pickford_Goalkeeper_stats
S. van Gassel (Goalkeeper),https://datamb.football/S_van_Gassel_Goalkeeper_stats
L. Carević (Goalkeeper),https://datamb.football/L_Carevi__Goalkeeper_stats
T. Ernst (Goalkeeper),https://datamb.football/T_Ernst_Goalkeeper_stats
David de Gea (Goalkeeper),https://datamb.football/David_de_Gea_Goalkeeper_stats
M. Branderhorst (Goalkeeper),https://datamb.football/M_Branderhorst_Goalkeeper_stats
M. Backhaus (Goalkeeper),https://datamb.football/M_Backhaus_Goalkeeper_stats
L. Palmisani (Goalkeeper),https://datamb.football/L_Palmisani_Goalkeeper_stats
B. Leno (Goalkeeper),https://datamb.football/B_Leno_Goalkeeper_stats
J. Bijlow (Goalkeeper),https://datamb.football/J_Bijlow_Goalkeeper_stats
David Soria (Goalkeeper),https://datamb.football/David_Soria_Goalkeeper_stats
Lucão (Goalkeeper),https://datamb.football/Luc_o_Goalkeeper_stats
K. Haug (Goalkeeper),https://datamb.football/K_Haug_Goalkeeper_stats
E. Vaessen (Goalkeeper),https://datamb.football/E_Vaessen_Goalkeeper_stats
D. Heuer Fernandes (Goalkeeper),https://datamb.football/D_Heuer_Fernandes_Goalkeeper_stats
B. Klaverboer (Goalkeeper),https://datamb.football/B_Klaverboer_Goalkeeper_stats
Oliver Baumann (Goalkeeper),https://datamb.football/Oliver_Baumann_Goalkeeper_stats
K. Tzolakis (Goalkeeper),https://datamb.football/K_Tzolakis_Goalkeeper_stats
Josep Martínez (Goalkeeper),https://datamb.football/Josep_Martinez_Goalkeeper_stats
K. Scherpen (Goalkeeper),https://datamb.football/K_Scherpen_Goalkeeper_stats
G. Vicario (Goalkeeper),https://datamb.football/G_Vicario_Goalkeeper_stats
Marvin Schwäbe (Goalkeeper),https://datamb.football/Marvin_Schwabe_Goalkeeper_stats
C. Mandas (Goalkeeper),https://datamb.football/C_Mandas_Goalkeeper_stats
L. Mpasi (Goalkeeper),https://datamb.football/L_Mpasi_Goalkeeper_stats
Nicolas Kocik (Goalkeeper),https://datamb.football/Nicolas_Kocik_Goalkeeper_stats
W. Falcone (Goalkeeper),https://datamb.football/W_Falcone_Goalkeeper_stats
J. Trafford (Goalkeeper),https://datamb.football/J_Trafford_Goalkeeper_stats
R. Risser (Goalkeeper),https://datamb.football/R_Risser_Goalkeeper_stats
M. Ryan (Goalkeeper),https://datamb.football/M_Ryan_Goalkeeper_stats
B. Özer (Goalkeeper),https://datamb.football/B_zer_Goalkeeper_stats
Alisson (Goalkeeper),https://datamb.football/Alisson_Goalkeeper_stats
Y. Mvogo (Goalkeeper),https://datamb.football/Y_Mvogo_Goalkeeper_stats
G. Donnarumma (Goalkeeper),https://datamb.football/G_Donnarumma_Goalkeeper_stats
S. Lammens (Goalkeeper),https://datamb.football/S_Lammens_Goalkeeper_stats
Alfonso Pastor (Goalkeeper),https://datamb.football/Alfonso_Pastor_Goalkeeper_stats
M. Maignan (Goalkeeper),https://datamb.football/M_Maignan_Goalkeeper_stats
L. Hrádecký (Goalkeeper),https://datamb.football/L_Hradeck__Goalkeeper_stats
D. Thiam (Goalkeeper),https://datamb.football/D_Thiam_Goalkeeper_stats
André Ferreira (Goalkeeper),https://datamb.football/Andre_Ferreira_Goalkeeper_stats
Alfonso Herrero (Goalkeeper),https://datamb.football/Alfonso_Herrero_Goalkeeper_stats
G. Crettaz (Goalkeeper),https://datamb.football/G_Crettaz_Goalkeeper_stats
R. Bellucci Marin (Goalkeeper),https://datamb.football/R_Bellucci_Marin_Goalkeeper_stats
Alex Meret (Goalkeeper),https://datamb.football/Alex_Meret_Goalkeeper_stats
L. Horníček (Goalkeeper),https://datamb.football/L_Horni_ek_Goalkeeper_stats
Y. Diouf (Goalkeeper),https://datamb.football/Y_Diouf_Goalkeeper_stats
M. Sels (Goalkeeper),https://datamb.football/M_Sels_Goalkeeper_stats
D. Greif (Goalkeeper),https://datamb.football/D_Greif_Goalkeeper_stats
J. de Lange (Goalkeeper),https://datamb.football/J_de_Lange_Goalkeeper_stats
Sergio Herrera (Goalkeeper),https://datamb.football/Sergio_Herrera_Goalkeeper_stats
J. Schendelaar (Goalkeeper),https://datamb.football/J_Schendelaar_Goalkeeper_stats
M. Safonov (Goalkeeper),https://datamb.football/M_Safonov_Goalkeeper_stats
M. Kovář (Goalkeeper),https://datamb.football/M_Kova__Goalkeeper_stats
N. Noll (Goalkeeper),https://datamb.football/N_Noll_Goalkeeper_stats
K. Trapp (Goalkeeper),https://datamb.football/K_Trapp_Goalkeeper_stats
E. Corvi (Goalkeeper),https://datamb.football/E_Corvi_Goalkeeper_stats
Diogo Costa (Goalkeeper),https://datamb.football/Diogo_Costa_Goalkeeper_stats
M. Vandevoordt (Goalkeeper),https://datamb.football/M_Vandevoordt_Goalkeeper_stats
Julen Agirrezabala (Goalkeeper),https://datamb.football/Julen_Agirrezabala_Goalkeeper_stats
A. Batalla (Goalkeeper),https://datamb.football/A_Batalla_Goalkeeper_stats
Dani Cárdenas (Goalkeeper),https://datamb.football/Dani_Cardenas_Goalkeeper_stats
Álvaro Valles (Goalkeeper),https://datamb.football/_lvaro_Valles_Goalkeeper_stats
T. Courtois (Goalkeeper),https://datamb.football/T_Courtois_Goalkeeper_stats
Álex Remiro (Goalkeeper),https://datamb.football/_lex_Remiro_Goalkeeper_stats
B. Samba (Goalkeeper),https://datamb.football/B_Samba_Goalkeeper_stats
E. van der Gouw (Goalkeeper),https://datamb.football/E_van_der_Gouw_Goalkeeper_stats
M. Svilar (Goalkeeper),https://datamb.football/M_Svilar_Goalkeeper_stats
Lucas França (Goalkeeper),https://datamb.football/Lucas_Franca_Goalkeeper_stats
A. Murić (Goalkeeper),https://datamb.football/A_Muri__Goalkeeper_stats
L. Karius (Goalkeeper),https://datamb.football/L_Karius_Goalkeeper_stats
O. Vlachodimos (Goalkeeper),https://datamb.football/O_Vlachodimos_Goalkeeper_stats
F. Bednarek (Goalkeeper),https://datamb.football/F_Bednarek_Goalkeeper_stats
M. Brouwer (Goalkeeper),https://datamb.football/M_Brouwer_Goalkeeper_stats
Bernardo (Goalkeeper),https://datamb.football/Bernardo_Goalkeeper_stats
Rui Silva (Goalkeeper),https://datamb.football/Rui_Silva_Goalkeeper_stats
F. Jörgensen (Goalkeeper),https://datamb.football/F_Jorgensen_Goalkeeper_stats
F. Bredlow (Goalkeeper),https://datamb.football/F_Bredlow_Goalkeeper_stats
R. Roefs (Goalkeeper),https://datamb.football/R_Roefs_Goalkeeper_stats
R. Koeman (Goalkeeper),https://datamb.football/R_Koeman_Goalkeeper_stats
Diego Mascardi (Goalkeeper),https://datamb.football/Diego_Mascardi_Goalkeeper_stats
A. Kinský (Goalkeeper),https://datamb.football/A_Kinsk__Goalkeeper_stats
G. Restes (Goalkeeper),https://datamb.football/G_Restes_Goalkeeper_stats
P. Beach (Goalkeeper),https://datamb.football/P_Beach_Goalkeeper_stats
L. Unnerstall (Goalkeeper),https://datamb.football/L_Unnerstall_Goalkeeper_stats
M. Okoye (Goalkeeper),https://datamb.football/M_Okoye_Goalkeeper_stats
V. Barkas (Goalkeeper),https://datamb.football/V_Barkas_Goalkeeper_stats
S. Dimitrievski (Goalkeeper),https://datamb.football/S_Dimitrievski_Goalkeeper_stats
F. Stanković (Goalkeeper),https://datamb.football/F_Stankovi__Goalkeeper_stats
Luiz Júnior (Goalkeeper),https://datamb.football/Luiz_Junior_Goalkeeper_stats
Oliwier Zych (Goalkeeper),https://datamb.football/Oliwier_Zych_Goalkeeper_stats
K. Hein (Goalkeeper),https://datamb.football/K_Hein_Goalkeeper_stats
K. de Leeuw (Goalkeeper),https://datamb.football/K_de_Leeuw_Goalkeeper_stats
M. Hokke (Centre-back),https://datamb.football/M_Hokke_Centre-back_stats
P. Mulder (Centre-back),https://datamb.football/P_Mulder_Centre-back_stats
M. Waem (Centre-back),https://datamb.football/M_Waem_Centre-back_stats
L. Schouten (Centre-back),https://datamb.football/L_Schouten_Centre-back_stats
W. Goes (Centre-back),https://datamb.football/W_Goes_Centre-back_stats
N. Michelis (Centre-back),https://datamb.football/N_Michelis_Centre-back_stats
A. Correia (Centre-back),https://datamb.football/A_Correia_Centre-back_stats
A. Bouwman (Centre-back),https://datamb.football/A_Bouwman_Centre-back_stats
Y. Baas (Centre-back),https://datamb.football/Y_Baas_Centre-back_stats
B. Meupiyou (Centre-back),https://datamb.football/B_Meupiyou_Centre-back_stats
Bojang Yaya (Centre-back),https://datamb.football/Bojang_Yaya_Centre-back_stats
S. Baseya (Centre-back),https://datamb.football/S_Baseya_Centre-back_stats
J. Lefort (Centre-back),https://datamb.football/J_Lefort_Centre-back_stats
O. Camara (Centre-back),https://datamb.football/O_Camara_Centre-back_stats
Javi Sánchez (Centre-back),https://datamb.football/Javi_Sanchez_Centre-back_stats
José Fontán (Centre-back),https://datamb.football/Jose_Fontan_Centre-back_stats
Gabriel Magalhaes (Centre-back),https://datamb.football/Gabriel_Magalhaes_Centre-back_stats
Cristhian Mosquera (Centre-back),https://datamb.football/Cristhian_Mosquera_Centre-back_stats
V. Lindelöf (Centre-back),https://datamb.football/V_Lindelof_Centre-back_stats
Pau Torres (Centre-back),https://datamb.football/Pau_Torres_Centre-back_stats
O. Kossounou (Centre-back),https://datamb.football/O_Kossounou_Centre-back_stats
G. Scalvini (Centre-back),https://datamb.football/G_Scalvini_Centre-back_stats
Aymeric Laporte (Centre-back),https://datamb.football/Aymeric_Laporte_Centre-back_stats
Yeray Álvarez (Centre-back),https://datamb.football/Yeray_lvarez_Centre-back_stats
Aitor Paredes (Centre-back),https://datamb.football/Aitor_Paredes_Centre-back_stats
D. Hancko (Centre-back),https://datamb.football/D_Hancko_Centre-back_stats
Robin Le Normand (Centre-back),https://datamb.football/Robin_Le_Normand_Centre-back_stats
Marc Pubill (Centre-back),https://datamb.football/Marc_Pubill_Centre-back_stats
Noahkai Banks (Centre-back),https://datamb.football/Noahkai_Banks_Centre-back_stats
Chrislain Matsima (Centre-back),https://datamb.football/Chrislain_Matsima_Centre-back_stats
Calvin Brackelmann (Centre-back),https://datamb.football/Calvin_Brackelmann_Centre-back_stats
E. Legros (Centre-back),https://datamb.football/E_Legros_Centre-back_stats
S. Diomandé (Centre-back),https://datamb.football/S_Diomande_Centre-back_stats
Gerard Martín (Centre-back),https://datamb.football/Gerard_Martin_Centre-back_stats
Pau Cubarsí (Centre-back),https://datamb.football/Pau_Cubarsi_Centre-back_stats
A. Christensen (Centre-back),https://datamb.football/A_Christensen_Centre-back_stats
E. Tapsoba (Centre-back),https://datamb.football/E_Tapsoba_Centre-back_stats
D. Upamecano (Centre-back),https://datamb.football/D_Upamecano_Centre-back_stats
C. Lenglet (Centre-back),https://datamb.football/C_Lenglet_Centre-back_stats
Tomás Araújo (Centre-back),https://datamb.football/Tomas_Araujo_Centre-back_stats
E. Helland (Centre-back),https://datamb.football/E_Helland_Centre-back_stats
T. Heggem (Centre-back),https://datamb.football/T_Heggem_Centre-back_stats
D. Svensson (Centre-back),https://datamb.football/D_Svensson_Centre-back_stats
W. Anton (Centre-back),https://datamb.football/W_Anton_Centre-back_stats
J. Gadou (Centre-back),https://datamb.football/J_Gadou_Centre-back_stats
Kevin Diks (Centre-back),https://datamb.football/Kevin_Diks_Centre-back_stats
 Ko Itakura (Centre-back),https://datamb.football/Ko_Itakura_Centre-back_stats
António Silva (Centre-back),https://datamb.football/Antonio_Silva_Centre-back_stats
J. Hill (Centre-back),https://datamb.football/J_Hill_Centre-back_stats
K. Ajer (Centre-back),https://datamb.football/K_Ajer_Centre-back_stats
N. Collins (Centre-back),https://datamb.football/N_Collins_Centre-back_stats
R. Le Guen (Centre-back),https://datamb.football/R_Le_Guen_Centre-back_stats
G. Lloris (Centre-back),https://datamb.football/G_Lloris_Centre-back_stats
L. Dunk (Centre-back),https://datamb.football/L_Dunk_Centre-back_stats
L. Vušković (Centre-back),https://datamb.football/L_Vu_kovi__Centre-back_stats
J. Rodríguez (Centre-back),https://datamb.football/J_Rodriguez_Centre-back_stats
A. Deiola (Centre-back),https://datamb.football/A_Deiola_Centre-back_stats
B. van Duijl (Centre-back),https://datamb.football/B_van_Duijl_Centre-back_stats
J. Amofa (Centre-back),https://datamb.football/J_Amofa_Centre-back_stats
I. Baouf (Centre-back),https://datamb.football/I_Baouf_Centre-back_stats
David Sousa (Centre-back),https://datamb.football/David_Sousa_Centre-back_stats
João Goulart (Centre-back),https://datamb.football/Jo_o_Goulart_Centre-back_stats
Álvaro Núñez (Centre-back),https://datamb.football/_lvaro_Nunez_Centre-back_stats
Yoel Lago (Centre-back),https://datamb.football/Yoel_Lago_Centre-back_stats
Javi Rodríguez (Centre-back),https://datamb.football/Javi_Rodriguez_Centre-back_stats
Marcos Alonso (Centre-back),https://datamb.football/Marcos_Alonso_Centre-back_stats
W. Fofana (Centre-back),https://datamb.football/W_Fofana_Centre-back_stats
L. Colwill (Centre-back),https://datamb.football/L_Colwill_Centre-back_stats
J. Acheampong (Centre-back),https://datamb.football/J_Acheampong_Centre-back_stats
M. Lacroix (Centre-back),https://datamb.football/M_Lacroix_Centre-back_stats
Jacobo Ramón (Centre-back),https://datamb.football/Jacobo_Ramon_Centre-back_stats
T. Chalobah (Centre-back),https://datamb.football/T_Chalobah_Centre-back_stats
A. Amenda (Centre-back),https://datamb.football/A_Amenda_Centre-back_stats
B. Thomas (Centre-back),https://datamb.football/B_Thomas_Centre-back_stats
C. Richards (Centre-back),https://datamb.football/C_Richards_Centre-back_stats
J. Canvot (Centre-back),https://datamb.football/J_Canvot_Centre-back_stats
N. Tenaglia (Centre-back),https://datamb.football/N_Tenaglia_Centre-back_stats
Jonny Otto (Centre-back),https://datamb.football/Jonny_Otto_Centre-back_stats
V. Koski (Centre-back),https://datamb.football/V_Koski_Centre-back_stats
B. Ede (Centre-back),https://datamb.football/B_Ede_Centre-back_stats
L. Noubi (Centre-back),https://datamb.football/L_Noubi_Centre-back_stats
Robin Koch (Centre-back),https://datamb.football/Robin_Koch_Centre-back_stats
Víctor Chust (Centre-back),https://datamb.football/Victor_Chust_Centre-back_stats
F. Redondo (Centre-back),https://datamb.football/F_Redondo_Centre-back_stats
D. Affengruber (Centre-back),https://datamb.football/D_Affengruber_Centre-back_stats
Lukas Pinckert (Centre-back),https://datamb.football/Lukas_Pinckert_Centre-back_stats
Maximilian Rohr (Centre-back),https://datamb.football/Maximilian_Rohr_Centre-back_stats
Unai Núñez (Centre-back),https://datamb.football/Unai_Nunez_Centre-back_stats
C. Riedel (Centre-back),https://datamb.football/C_Riedel_Centre-back_stats
Ismael Sierra (Centre-back),https://datamb.football/Ismael_Sierra_Centre-back_stats
Ferro (Centre-back),https://datamb.football/Ferro_Centre-back_stats
S. Leković (Centre-back),https://datamb.football/S_Lekovi__Centre-back_stats
Luan Patrick (Centre-back),https://datamb.football/Luan_Patrick_Centre-back_stats
J. Branthwaite (Centre-back),https://datamb.football/J_Branthwaite_Centre-back_stats
J. Tarkowski (Centre-back),https://datamb.football/J_Tarkowski_Centre-back_stats
J. Plug (Centre-back),https://datamb.football/J_Plug_Centre-back_stats
C. Widell (Centre-back),https://datamb.football/C_Widell_Centre-back_stats
L. Realpe (Centre-back),https://datamb.football/L_Realpe_Centre-back_stats
F. van Breemen (Centre-back),https://datamb.football/F_van_Breemen_Centre-back_stats
J. St. Juste (Centre-back),https://datamb.football/J_St_Juste_Centre-back_stats
T. Watanabe (Centre-back),https://datamb.football/T_Watanabe_Centre-back_stats
R. Drăgușin (Centre-back),https://datamb.football/R_Dr_gu_in_Centre-back_stats
S. van Ottele (Centre-back),https://datamb.football/S_van_Ottele_Centre-back_stats
P. Brittijn (Centre-back),https://datamb.football/P_Brittijn_Centre-back_stats
Rodrigo Guth (Centre-back),https://datamb.football/Rodrigo_Guth_Centre-back_stats
J. Hubner (Centre-back),https://datamb.football/J_Hubner_Centre-back_stats
P. Lienhart (Centre-back),https://datamb.football/P_Lienhart_Centre-back_stats
M. Ginter (Centre-back),https://datamb.football/M_Ginter_Centre-back_stats
I. Monterisi (Centre-back),https://datamb.football/I_Monterisi_Centre-back_stats
G. Cittadini (Centre-back),https://datamb.football/G_Cittadini_Centre-back_stats
G. Calvani (Centre-back),https://datamb.football/G_Calvani_Centre-back_stats
C. Bassey (Centre-back),https://datamb.football/C_Bassey_Centre-back_stats
J. Andersen (Centre-back),https://datamb.football/J_Andersen_Centre-back_stats
A. Marcandalli (Centre-back),https://datamb.football/A_Marcandalli_Centre-back_stats
J. Vásquez (Centre-back),https://datamb.football/J_Vasquez_Centre-back_stats
L. Østigård (Centre-back),https://datamb.football/L_stigard_Centre-back_stats
Z. Romero (Centre-back),https://datamb.football/Z_Romero_Centre-back_stats
Djené (Centre-back),https://datamb.football/Djene_Centre-back_stats
M. Elimbi (Centre-back),https://datamb.football/M_Elimbi_Centre-back_stats
Jonathan Buatu (Centre-back),https://datamb.football/Jonathan_Buatu_Centre-back_stats
J. Kramer (Centre-back),https://datamb.football/J_Kramer_Centre-back_stats
J. Dirksen (Centre-back),https://datamb.football/J_Dirksen_Centre-back_stats
M. Csinger (Centre-back),https://datamb.football/M_Csinger_Centre-back_stats
E. Laan (Centre-back),https://datamb.football/E_Laan_Centre-back_stats
T. Blokzijl (Centre-back),https://datamb.football/T_Blokzijl_Centre-back_stats
S. Bornauw (Centre-back),https://datamb.football/S_Bornauw_Centre-back_stats
N. Capaldo (Centre-back),https://datamb.football/N_Capaldo_Centre-back_stats
M. Willemsen (Centre-back),https://datamb.football/M_Willemsen_Centre-back_stats
S. Kersten (Centre-back),https://datamb.football/S_Kersten_Centre-back_stats
Ozan Kabak (Centre-back),https://datamb.football/Ozan_Kabak_Centre-back_stats
Albian Hajdari (Centre-back),https://datamb.football/Albian_Hajdari_Centre-back_stats
J. Egan (Centre-back),https://datamb.football/J_Egan_Centre-back_stats
N. Mendy (Centre-back),https://datamb.football/N_Mendy_Centre-back_stats
S. Ajayi (Centre-back),https://datamb.football/S_Ajayi_Centre-back_stats
M. Akanji (Centre-back),https://datamb.football/M_Akanji_Centre-back_stats
Y. Bisseck (Centre-back),https://datamb.football/Y_Bisseck_Centre-back_stats
A. Bastoni (Centre-back),https://datamb.football/A_Bastoni_Centre-back_stats
J. Greaves (Centre-back),https://datamb.football/J_Greaves_Centre-back_stats
I. Diop (Centre-back),https://datamb.football/I_Diop_Centre-back_stats
Bremer (Centre-back),https://datamb.football/Bremer_Centre-back_stats
J. Lucumí (Centre-back),https://datamb.football/J_Lucumi_Centre-back_stats
Luka Lochoshvili (Centre-back),https://datamb.football/Luka_Lochoshvili_Centre-back_stats
Jahmai Simpson-Pusey (Centre-back),https://datamb.football/Jahmai_Simpson_Pusey_Centre-back_stats
D. Doekhi (Centre-back),https://datamb.football/D_Doekhi_Centre-back_stats
O. Provstgaard (Centre-back),https://datamb.football/O_Provstgaard_Centre-back_stats
A. Seko (Centre-back),https://datamb.football/A_Seko_Centre-back_stats
A. Touba (Centre-back),https://datamb.football/A_Touba_Centre-back_stats
J. Mwanga (Centre-back),https://datamb.football/J_Mwanga_Centre-back_stats
Noa Boissé (Centre-back),https://datamb.football/Noa_Boisse_Centre-back_stats
Harold Voyer (Centre-back),https://datamb.football/Harold_Voyer_Centre-back_stats
 Théo Eyoum (Centre-back),https://datamb.football/Theo_Eyoum_Centre-back_stats
R. Bamba (Centre-back),https://datamb.football/R_Bamba_Centre-back_stats
Kialonda Gaspar (Centre-back),https://datamb.football/Kialonda_Gaspar_Centre-back_stats
J. Siebert (Centre-back),https://datamb.football/J_Siebert_Centre-back_stats
T. Muharemović (Centre-back),https://datamb.football/T_Muharemovi__Centre-back_stats
J. Bijol (Centre-back),https://datamb.football/J_Bijol_Centre-back_stats
N. Elvedi (Centre-back),https://datamb.football/N_Elvedi_Centre-back_stats
S. Sagnan (Centre-back),https://datamb.football/S_Sagnan_Centre-back_stats
I. Ganiou (Centre-back),https://datamb.football/I_Ganiou_Centre-back_stats
M. Nawrocki (Centre-back),https://datamb.football/M_Nawrocki_Centre-back_stats
A. Mandi (Centre-back),https://datamb.football/A_Mandi_Centre-back_stats
Adrián de la Fuente (Centre-back),https://datamb.football/Adrian_de_la_Fuente_Centre-back_stats
Alexsandro (Centre-back),https://datamb.football/Alexsandro_Centre-back_stats
N. Ngoy (Centre-back),https://datamb.football/N_Ngoy_Centre-back_stats
J. Jacquet (Centre-back),https://datamb.football/J_Jacquet_Centre-back_stats
V. van Dijk (Centre-back),https://datamb.football/V_van_Dijk_Centre-back_stats
D. Sylla (Centre-back),https://datamb.football/D_Sylla_Centre-back_stats
N. Adjei (Centre-back),https://datamb.football/N_Adjei_Centre-back_stats
M. Talbi (Centre-back),https://datamb.football/M_Talbi_Centre-back_stats
Fabio Gruber (Centre-back),https://datamb.football/Fabio_Gruber_Centre-back_stats
Marc Guéhi (Centre-back),https://datamb.football/Marc_Guehi_Centre-back_stats
Rúben Dias (Centre-back),https://datamb.football/Ruben_Dias_Centre-back_stats
H. Maguire (Centre-back),https://datamb.football/H_Maguire_Centre-back_stats
L. Martínez (Centre-back),https://datamb.football/L_Martinez_Centre-back_stats
Rafael Fernandes (Centre-back),https://datamb.football/Rafael_Fernandes_Centre-back_stats
Romain Correia (Centre-back),https://datamb.football/Romain_Correia_Centre-back_stats
S. Pavlović (Centre-back),https://datamb.football/S_Pavlovi__Centre-back_stats
K. De Winter (Centre-back),https://datamb.football/K_De_Winter_Centre-back_stats
Mario Gila (Centre-back),https://datamb.football/Mario_Gila_Centre-back_stats
E. Dier (Centre-back),https://datamb.football/E_Dier_Centre-back_stats
S. Sané (Centre-back),https://datamb.football/S_Sane_Centre-back_stats
Eddy Kouadio (Centre-back),https://datamb.football/Eddy_Kouadio_Centre-back_stats
L. Lucchesi (Centre-back),https://datamb.football/L_Lucchesi_Centre-back_stats
A. Carboni (Centre-back),https://datamb.football/A_Carboni_Centre-back_stats
Maracás (Centre-back),https://datamb.football/Maracas_Centre-back_stats
Gilberto Batista (Centre-back),https://datamb.football/Gilberto_Batista_Centre-back_stats
Einar Galilea (Centre-back),https://datamb.football/Einar_Galilea_Centre-back_stats
Ángel Recio (Centre-back),https://datamb.football/_ngel_Recio_Centre-back_stats
B. Pereira (Centre-back),https://datamb.football/B_Pereira_Centre-back_stats
D. Fonville (Centre-back),https://datamb.football/D_Fonville_Centre-back_stats
B. Nuytinck (Centre-back),https://datamb.football/B_Nuytinck_Centre-back_stats
T. Storm (Centre-back),https://datamb.football/T_Storm_Centre-back_stats
Zé Vitor (Centre-back),https://datamb.football/Ze_Vitor_Centre-back_stats
Matheus Dias (Centre-back),https://datamb.football/Matheus_Dias_Centre-back_stats
Léo Santos (Centre-back),https://datamb.football/Leo_Santos_Centre-back_stats
Rafa Marín (Centre-back),https://datamb.football/Rafa_Marin_Centre-back_stats
A. Rrahmani (Centre-back),https://datamb.football/A_Rrahmani_Centre-back_stats
S. Botman (Centre-back),https://datamb.football/S_Botman_Centre-back_stats
M. Thiaw (Centre-back),https://datamb.football/M_Thiaw_Centre-back_stats
Y. Ndayishimiye (Centre-back),https://datamb.football/Y_Ndayishimiye_Centre-back_stats
Mohamed Abdelmonem (Centre-back),https://datamb.football/Mohamed_Abdelmonem_Centre-back_stats
X. Mandza Tsiendi (Centre-back),https://datamb.football/X_Mandza_Tsiendi_Centre-back_stats
Murillo (Centre-back),https://datamb.football/Murillo_Centre-back_stats
Jair Cunha (Centre-back),https://datamb.football/Jair_Cunha_Centre-back_stats
N. Milenković (Centre-back),https://datamb.football/N_Milenkovi__Centre-back_stats
F. Bacher (Centre-back),https://datamb.football/F_Bacher_Centre-back_stats
M. Niakhaté (Centre-back),https://datamb.football/M_Niakhate_Centre-back_stats
C. Egan-Riley (Centre-back),https://datamb.football/C_Egan_Riley_Centre-back_stats
Jorge Herrando (Centre-back),https://datamb.football/Jorge_Herrando_Centre-back_stats
Alejandro Catena (Centre-back),https://datamb.football/Alejandro_Catena_Centre-back_stats
N. Viergever (Centre-back),https://datamb.football/N_Viergever_Centre-back_stats
S. Graves (Centre-back),https://datamb.football/S_Graves_Centre-back_stats
W. Pacho (Centre-back),https://datamb.football/W_Pacho_Centre-back_stats
Marquinhos (Centre-back),https://datamb.football/Marquinhos_Centre-back_stats
R. Flamingo (Centre-back),https://datamb.football/R_Flamingo_Centre-back_stats
A. Obispo (Centre-back),https://datamb.football/A_Obispo_Centre-back_stats
T. Scheller (Centre-back),https://datamb.football/T_Scheller_Centre-back_stats
J. ter Horst (Centre-back),https://datamb.football/J_ter_Horst_Centre-back_stats
M. Hansen (Centre-back),https://datamb.football/M_Hansen_Centre-back_stats
D. Coppola (Centre-back),https://datamb.football/D_Coppola_Centre-back_stats
S. Chergui (Centre-back),https://datamb.football/S_Chergui_Centre-back_stats
M. Troilo (Centre-back),https://datamb.football/M_Troilo_Centre-back_stats
J. Kiwior (Centre-back),https://datamb.football/J_Kiwior_Centre-back_stats
J. Bednarek (Centre-back),https://datamb.football/J_Bednarek_Centre-back_stats
W. Orbán (Centre-back),https://datamb.football/W_Orban_Centre-back_stats
F. González (Centre-back),https://datamb.football/F_Gonzalez_Centre-back_stats
Pablo Ramón (Centre-back),https://datamb.football/Pablo_Ramon_Centre-back_stats
Manu Hernando (Centre-back),https://datamb.football/Manu_Hernando_Centre-back_stats
P. Ciss (Centre-back),https://datamb.football/P_Ciss_Centre-back_stats
F. Lejeune (Centre-back),https://datamb.football/F_Lejeune_Centre-back_stats
Natan (Centre-back),https://datamb.football/Natan_Centre-back_stats
Marc Bartra (Centre-back),https://datamb.football/Marc_Bartra_Centre-back_stats
I. Konaté (Centre-back),https://datamb.football/I_Konate_Centre-back_stats
Dean Huijsen (Centre-back),https://datamb.football/Dean_Huijsen_Centre-back_stats
Igor Zubeldía (Centre-back),https://datamb.football/Igor_Zubeldia_Centre-back_stats
Jon Martín (Centre-back),https://datamb.football/Jon_Martin_Centre-back_stats
C. Cresswell (Centre-back),https://datamb.football/C_Cresswell_Centre-back_stats
A. Ait Boudlal (Centre-back),https://datamb.football/A_Ait_Boudlal_Centre-back_stats
F. Petrasso (Centre-back),https://datamb.football/F_Petrasso_Centre-back_stats
Gustavo Mancha (Centre-back),https://datamb.football/Gustavo_Mancha_Centre-back_stats
Mario Hermoso (Centre-back),https://datamb.football/Mario_Hermoso_Centre-back_stats
G. Mancini (Centre-back),https://datamb.football/G_Mancini_Centre-back_stats
E. Ndicka (Centre-back),https://datamb.football/E_Ndicka_Centre-back_stats
Pedro Pacheco (Centre-back),https://datamb.football/Pedro_Pacheco_Centre-back_stats
Emanuel Fernandes (Centre-back),https://datamb.football/Emanuel_Fernandes_Centre-back_stats
F. Leysen (Centre-back),https://datamb.football/F_Leysen_Centre-back_stats
J. Idzes (Centre-back),https://datamb.football/J_Idzes_Centre-back_stats
T. Becker (Centre-back),https://datamb.football/T_Becker_Centre-back_stats
N. Katić (Centre-back),https://datamb.football/N_Kati__Centre-back_stats
A. Sanganté (Centre-back),https://datamb.football/A_Sangante_Centre-back_stats
Kike Salas (Centre-back),https://datamb.football/Kike_Salas_Centre-back_stats
Andrés Castrín (Centre-back),https://datamb.football/Andres_Castrin_Centre-back_stats
B. Martins Indi (Centre-back),https://datamb.football/B_Martins_Indi_Centre-back_stats
M. Young (Centre-back),https://datamb.football/M_Young_Centre-back_stats
N. Verschuren (Centre-back),https://datamb.football/N_Verschuren_Centre-back_stats
Vitor Carvalho (Centre-back),https://datamb.football/Vitor_Carvalho_Centre-back_stats
G. Lagerbielke (Centre-back),https://datamb.football/G_Lagerbielke_Centre-back_stats
Iván Fresneda (Centre-back),https://datamb.football/Ivan_Fresneda_Centre-back_stats
Z. Debast (Centre-back),https://datamb.football/Z_Debast_Centre-back_stats
Gonçalo Inácio (Centre-back),https://datamb.football/Goncalo_Inacio_Centre-back_stats
Eduardo Quaresma (Centre-back),https://datamb.football/Eduardo_Quaresma_Centre-back_stats
J. Mitchell (Centre-back),https://datamb.football/J_Mitchell_Centre-back_stats
A. Omobamidele (Centre-back),https://datamb.football/A_Omobamidele_Centre-back_stats
F. Jeltsch (Centre-back),https://datamb.football/F_Jeltsch_Centre-back_stats
J. Chabot (Centre-back),https://datamb.football/J_Chabot_Centre-back_stats
D. Ballard (Centre-back),https://datamb.football/D_Ballard_Centre-back_stats
S. Valk (Centre-back),https://datamb.football/S_Valk_Centre-back_stats
M. Peersman (Centre-back),https://datamb.football/M_Peersman_Centre-back_stats
A. Soualhia (Centre-back),https://datamb.football/A_Soualhia_Centre-back_stats
Eray Cömert (Centre-back),https://datamb.football/Eray_Comert_Centre-back_stats
Pietro Comuzzo (Centre-back),https://datamb.football/Pietro_Comuzzo_Centre-back_stats
Ardian Ismajli (Centre-back),https://datamb.football/Ardian_Ismajli_Centre-back_stats
Saúl Coco (Centre-back),https://datamb.football/Saul_Coco_Centre-back_stats
J. van Hecke (Centre-back),https://datamb.football/J_van_Hecke_Centre-back_stats
M. van de Ven (Centre-back),https://datamb.football/M_van_de_Ven_Centre-back_stats
M. McKenzie (Centre-back),https://datamb.football/M_McKenzie_Centre-back_stats
R. Nicolaisen (Centre-back),https://datamb.football/R_Nicolaisen_Centre-back_stats
A. Monfray (Centre-back),https://datamb.football/A_Monfray_Centre-back_stats
J. Diaz (Centre-back),https://datamb.football/J_Diaz_Centre-back_stats
R. Pröpper (Centre-back),https://datamb.football/R_Propper_Centre-back_stats
R. Nijstad (Centre-back),https://datamb.football/R_Nijstad_Centre-back_stats
M. Bruns (Centre-back),https://datamb.football/M_Bruns_Centre-back_stats
J. Abankwah (Centre-back),https://datamb.football/J_Abankwah_Centre-back_stats
O. Solet (Centre-back),https://datamb.football/O_Solet_Centre-back_stats
Z. Van den Bosch (Centre-back),https://datamb.football/Z_Van_den_Bosch_Centre-back_stats
G. Offerhaus (Centre-back),https://datamb.football/G_Offerhaus_Centre-back_stats
S. Horemans (Centre-back),https://datamb.football/S_Horemans_Centre-back_stats
N. Ogidi Nwankwo (Centre-back),https://datamb.football/N_Ogidi_Nwankwo_Centre-back_stats
Pepelu (Centre-back),https://datamb.football/Pepelu_Centre-back_stats
César Tárrega (Centre-back),https://datamb.football/Cesar_Tarrega_Centre-back_stats
Arnau Martínez (Centre-back),https://datamb.football/Arnau_Martinez_Centre-back_stats
M. Diakhaby (Centre-back),https://datamb.football/M_Diakhaby_Centre-back_stats
A. Bella-Kotchap (Centre-back),https://datamb.football/A_Bella_Kotchap_Centre-back_stats
R. Halhal (Centre-back),https://datamb.football/R_Halhal_Centre-back_stats
J. Schingtienne (Centre-back),https://datamb.football/J_Schingtienne_Centre-back_stats
J. Foyth (Centre-back),https://datamb.football/J_Foyth_Centre-back_stats
Renato Veiga (Centre-back),https://datamb.football/Renato_Veiga_Centre-back_stats
Óscar Rivas (Centre-back),https://datamb.football/_scar_Rivas_Centre-back_stats
Thiago Balieiro (Centre-back),https://datamb.football/Thiago_Balieiro_Centre-back_stats
M. Friedl (Centre-back),https://datamb.football/M_Friedl_Centre-back_stats
A. Pieper (Centre-back),https://datamb.football/A_Pieper_Centre-back_stats
F. Stam (Centre-back),https://datamb.football/F_Stam_Centre-back_stats
J. Hoogma (Centre-back),https://datamb.football/J_Hoogma_Centre-back_stats
O. Raterink (Full-back),https://datamb.football/O_Raterink_Full-back_stats
Sekou Sylla (Full-back),https://datamb.football/Sekou_Sylla_Full-back_stats
M. Chávez (Full-back),https://datamb.football/M_Chavez_Full-back_stats
E. Dijkstra (Full-back),https://datamb.football/E_Dijkstra_Full-back_stats
Pedro Barcelos (Full-back),https://datamb.football/Pedro_Barcelos_Full-back_stats
Robinho (Full-back),https://datamb.football/Robinho_Full-back_stats
A. Gaaei (Full-back),https://datamb.football/A_Gaaei_Full-back_stats
Lucas Rosa (Full-back),https://datamb.football/Lucas_Rosa_Full-back_stats
Caio Henrique (Full-back),https://datamb.football/Caio_Henrique_Full-back_stats
Francisco Chissumba (Full-back),https://datamb.football/Francisco_Chissumba_Full-back_stats
I. James (Full-back),https://datamb.football/I_James_Full-back_stats
Nabil Touaizi (Full-back),https://datamb.football/Nabil_Touaizi_Full-back_stats
J. Kalulu (Full-back),https://datamb.football/J_Kalulu_Full-back_stats
C. Arcus (Full-back),https://datamb.football/C_Arcus_Full-back_stats
Tiago Esgaio (Full-back),https://datamb.football/Tiago_Esgaio_Full-back_stats
O. Lebedenko (Full-back),https://datamb.football/O_Lebedenko_Full-back_stats
R. Calafiori (Full-back),https://datamb.football/R_Calafiori_Full-back_stats
B. White (Full-back),https://datamb.football/B_White_Full-back_stats
M. Cash (Full-back),https://datamb.football/M_Cash_Full-back_stats
I. Maatsen (Full-back),https://datamb.football/I_Maatsen_Full-back_stats
S. Kolašinac (Full-back),https://datamb.football/S_Kola_inac_Full-back_stats
D. Zappacosta (Full-back),https://datamb.football/D_Zappacosta_Full-back_stats
Yuri Berchiche (Full-back),https://datamb.football/Yuri_Berchiche_Full-back_stats
Jesús Areso (Full-back),https://datamb.football/Jesus_Areso_Full-back_stats
Marcos Llorente (Full-back),https://datamb.football/Marcos_Llorente_Full-back_stats
Álex Grimaldo (Full-back),https://datamb.football/_lex_Grimaldo_Full-back_stats
Hennes Behrens (Full-back),https://datamb.football/Hennes_Behrens_Full-back_stats
Marius Wolf (Full-back),https://datamb.football/Marius_Wolf_Full-back_stats
L. Sy (Full-back),https://datamb.football/L_Sy_Full-back_stats
C. Akpa (Full-back),https://datamb.football/C_Akpa_Full-back_stats
J. Koundé (Full-back),https://datamb.football/J_Kounde_Full-back_stats
Eric García (Full-back),https://datamb.football/Eric_Garcia_Full-back_stats
Xavi Espart (Full-back),https://datamb.football/Xavi_Espart_Full-back_stats
M. Gutiérrez (Full-back),https://datamb.football/M_Gutierrez_Full-back_stats
K. Laimer (Full-back),https://datamb.football/K_Laimer_Full-back_stats
A. Davies (Full-back),https://datamb.football/A_Davies_Full-back_stats
S. Dahl (Full-back),https://datamb.football/S_Dahl_Full-back_stats
A. Bah (Full-back),https://datamb.football/A_Bah_Full-back_stats
E. Holm (Full-back),https://datamb.football/E_Holm_Full-back_stats
Juan Miranda (Full-back),https://datamb.football/Juan_Miranda_Full-back_stats
M. Beier (Full-back),https://datamb.football/M_Beier_Full-back_stats
J. Ryerson (Full-back),https://datamb.football/J_Ryerson_Full-back_stats
Lukas Ullrich (Full-back),https://datamb.football/Lukas_Ullrich_Full-back_stats
A. Truffert (Full-back),https://datamb.football/A_Truffert_Full-back_stats
A. Smith (Full-back),https://datamb.football/A_Smith_Full-back_stats
K. Lewis-Potter (Full-back),https://datamb.football/K_Lewis_Potter_Full-back_stats
M. Kayode (Full-back),https://datamb.football/M_Kayode_Full-back_stats
B. Locko (Full-back),https://datamb.football/B_Locko_Full-back_stats
K. Lala (Full-back),https://datamb.football/K_Lala_Full-back_stats
M. Wieffer (Full-back),https://datamb.football/M_Wieffer_Full-back_stats
O. Boscagli (Full-back),https://datamb.football/O_Boscagli_Full-back_stats
F. Kadıoğlu (Full-back),https://datamb.football/F_Kad_o_lu_Full-back_stats
A. Obert (Full-back),https://datamb.football/A_Obert_Full-back_stats
Zé Pedro (Full-back),https://datamb.football/Ze_Pedro_Full-back_stats
L. Jetten (Full-back),https://datamb.football/L_Jetten_Full-back_stats
M. Costarelli (Full-back),https://datamb.football/M_Costarelli_Full-back_stats
Pedro Rosas (Full-back),https://datamb.football/Pedro_Rosas_Full-back_stats
André Geraldes (Full-back),https://datamb.football/Andre_Geraldes_Full-back_stats
Abdu Conté (Full-back),https://datamb.football/Abdu_Conte_Full-back_stats
Sergio Carreira (Full-back),https://datamb.football/Sergio_Carreira_Full-back_stats
Javi Rueda (Full-back),https://datamb.football/Javi_Rueda_Full-back_stats
J. Hato (Full-back),https://datamb.football/J_Hato_Full-back_stats
Pedro Neto (Full-back),https://datamb.football/Pedro_Neto_Full-back_stats
M. Gusto (Full-back),https://datamb.football/M_Gusto_Full-back_stats
Álex Valle (Full-back),https://datamb.football/_lex_Valle_Full-back_stats
Yan Couto (Full-back),https://datamb.football/Yan_Couto_Full-back_stats
M. van Ewijk (Full-back),https://datamb.football/M_van_Ewijk_Full-back_stats
J. Dasilva (Full-back),https://datamb.football/J_Dasilva_Full-back_stats
T. Mitchell (Full-back),https://datamb.football/T_Mitchell_Full-back_stats
A. Khalaili (Full-back),https://datamb.football/A_Khalaili_Full-back_stats
A. Rebbach (Full-back),https://datamb.football/A_Rebbach_Full-back_stats
Á. Pérez (Full-back),https://datamb.football/_Perez_Full-back_stats
Ximo Navarro (Full-back),https://datamb.football/Ximo_Navarro_Full-back_stats
Adrià Altimira (Full-back),https://datamb.football/Adria_Altimira_Full-back_stats
G. Quagliata (Full-back),https://datamb.football/G_Quagliata_Full-back_stats
Elias Baum (Full-back),https://datamb.football/Elias_Baum_Full-back_stats
Keita Kosugi (Full-back),https://datamb.football/Keita_Kosugi_Full-back_stats
Tete Morente (Full-back),https://datamb.football/Tete_Morente_Full-back_stats
Germán Valera (Full-back),https://datamb.football/German_Valera_Full-back_stats
Buba Sangaré (Full-back),https://datamb.football/Buba_Sangare_Full-back_stats
Lasse Günther (Full-back),https://datamb.football/Lasse_Gunther_Full-back_stats
Jan Gyamerah (Full-back),https://datamb.football/Jan_Gyamerah_Full-back_stats
O. El Hilali (Full-back),https://datamb.football/O_El_Hilali_Full-back_stats
Roger Hinojo (Full-back),https://datamb.football/Roger_Hinojo_Full-back_stats
Fernando Medrano (Full-back),https://datamb.football/Fernando_Medrano_Full-back_stats
Ricard Sánchez (Full-back),https://datamb.football/Ricard_Sanchez_Full-back_stats
M. Scholze (Full-back),https://datamb.football/M_Scholze_Full-back_stats
Rafa Soares (Full-back),https://datamb.football/Rafa_Soares_Full-back_stats
M. Röhl (Full-back),https://datamb.football/M_Rohl_Full-back_stats
V. Mykolenko (Full-back),https://datamb.football/V_Mykolenko_Full-back_stats
S. Janssen (Full-back),https://datamb.football/S_Janssen_Full-back_stats
R. Meissen (Full-back),https://datamb.football/R_Meissen_Full-back_stats
Rodrigo Pinheiro (Full-back),https://datamb.football/Rodrigo_Pinheiro_Full-back_stats
Pedro Bondo (Full-back),https://datamb.football/Pedro_Bondo_Full-back_stats
G. Read (Full-back),https://datamb.football/G_Read_Full-back_stats
Mika Mármol (Full-back),https://datamb.football/Mika_Marmol_Full-back_stats
Víctor Valdepeñas (Full-back),https://datamb.football/Victor_Valdepenas_Full-back_stats
João Mário (Full-back),https://datamb.football/Jo_o_Mario_Full-back_stats
J. Dahlhaus (Full-back),https://datamb.football/J_Dahlhaus_Full-back_stats
Ivo Pinto (Full-back),https://datamb.football/Ivo_Pinto_Full-back_stats
S. Wylin (Full-back),https://datamb.football/S_Wylin_Full-back_stats
J. Makengo (Full-back),https://datamb.football/J_Makengo_Full-back_stats
G. Bracaglia (Full-back),https://datamb.football/G_Bracaglia_Full-back_stats
A. Oyono (Full-back),https://datamb.football/A_Oyono_Full-back_stats
T. Castagne (Full-back),https://datamb.football/T_Castagne_Full-back_stats
A. Robinson (Full-back),https://datamb.football/A_Robinson_Full-back_stats
B. Norton-Cuffy (Full-back),https://datamb.football/B_Norton_Cuffy_Full-back_stats
M. Ellertsson (Full-back),https://datamb.football/M_Ellertsson_Full-back_stats
Andrés García (Full-back),https://datamb.football/Andres_Garcia_Full-back_stats
J. Mojica (Full-back),https://datamb.football/J_Mojica_Full-back_stats
Weverson (Full-back),https://datamb.football/Weverson_Full-back_stats
Ricardo Esgaio (Full-back),https://datamb.football/Ricardo_Esgaio_Full-back_stats
D. James (Full-back),https://datamb.football/D_James_Full-back_stats
A. Sampsted (Full-back),https://datamb.football/A_Sampsted_Full-back_stats
J. Schreuders (Full-back),https://datamb.football/J_Schreuders_Full-back_stats
W. Prins (Full-back),https://datamb.football/W_Prins_Full-back_stats
O. Braude (Full-back),https://datamb.football/O_Braude_Full-back_stats
V. Zagaritis (Full-back),https://datamb.football/V_Zagaritis_Full-back_stats
Vladimír Coufal (Full-back),https://datamb.football/Vladimir_Coufal_Full-back_stats
L. Coyle (Full-back),https://datamb.football/L_Coyle_Full-back_stats
R. Giles (Full-back),https://datamb.football/R_Giles_Full-back_stats
F. Dimarco (Full-back),https://datamb.football/F_Dimarco_Full-back_stats
A. Diouf (Full-back),https://datamb.football/A_Diouf_Full-back_stats
L. Davis (Full-back),https://datamb.football/L_Davis_Full-back_stats
D. O'Shea (Full-back),https://datamb.football/D_O_Shea_Full-back_stats
Z. Çelik (Full-back),https://datamb.football/Z_elik_Full-back_stats
P. Kalulu (Full-back),https://datamb.football/P_Kalulu_Full-back_stats
Alessio Castro-Montes (Full-back),https://datamb.football/Alessio_Castro_Montes_Full-back_stats
Gideon Mensah (Full-back),https://datamb.football/Gideon_Mensah_Full-back_stats
R. Floriani Mussolini (Full-back),https://datamb.football/R_Floriani_Mussolini_Full-back_stats
T. Pembélé (Full-back),https://datamb.football/T_Pembele_Full-back_stats
Lucas Buadés (Full-back),https://datamb.football/Lucas_Buades_Full-back_stats
Lucas Calodat (Full-back),https://datamb.football/Lucas_Calodat_Full-back_stats
Danilo Veiga (Full-back),https://datamb.football/Danilo_Veiga_Full-back_stats
J. Justin (Full-back),https://datamb.football/J_Justin_Full-back_stats
J. Bogle (Full-back),https://datamb.football/J_Bogle_Full-back_stats
M. Skóraś (Full-back),https://datamb.football/M_Skora__Full-back_stats
M. Udol (Full-back),https://datamb.football/M_Udol_Full-back_stats
Nacho (Full-back),https://datamb.football/Nacho_Full-back_stats
Manu Sánchez (Full-back),https://datamb.football/Manu_Sanchez_Full-back_stats
Tiago Santos (Full-back),https://datamb.football/Tiago_Santos_Full-back_stats
R. Perraud (Full-back),https://datamb.football/R_Perraud_Full-back_stats
J. Frimpong (Full-back),https://datamb.football/J_Frimpong_Full-back_stats
M. Kerkez (Full-back),https://datamb.football/M_Kerkez_Full-back_stats
A. Kouassi (Full-back),https://datamb.football/A_Kouassi_Full-back_stats
T. Le Bris (Full-back),https://datamb.football/T_Le_Bris_Full-back_stats
Phillipp Mwene (Full-back),https://datamb.football/Phillipp_Mwene_Full-back_stats
Anthony Caci (Full-back),https://datamb.football/Anthony_Caci_Full-back_stats
A. Khusanov (Full-back),https://datamb.football/A_Khusanov_Full-back_stats
J. Gvardiol (Full-back),https://datamb.football/J_Gvardiol_Full-back_stats
Diogo Dalot (Full-back),https://datamb.football/Diogo_Dalot_Full-back_stats
L. Shaw (Full-back),https://datamb.football/L_Shaw_Full-back_stats
Igor Julião (Full-back),https://datamb.football/Igor_Juli_o_Full-back_stats
Paulo Henrique (Full-back),https://datamb.football/Paulo_Henrique_Full-back_stats
S. Chukwueze (Full-back),https://datamb.football/S_Chukwueze_Full-back_stats
P. Estupiñán (Full-back),https://datamb.football/P_Estupinan_Full-back_stats
Vanderson (Full-back),https://datamb.football/Vanderson_Full-back_stats
Nazinho (Full-back),https://datamb.football/Nazinho_Full-back_stats
Ricardo Mangas (Full-back),https://datamb.football/Ricardo_Mangas_Full-back_stats
S. Birindelli (Full-back),https://datamb.football/S_Birindelli_Full-back_stats
Dinis Pinto (Full-back),https://datamb.football/Dinis_Pinto_Full-back_stats
Kiko (Full-back),https://datamb.football/Kiko_Full-back_stats
Leandro Santos (Full-back),https://datamb.football/Leandro_Santos_Full-back_stats
R. Garrido Hierro (Full-back),https://datamb.football/R_Garrido_Hierro_Full-back_stats
José Salinas (Full-back),https://datamb.football/Jose_Salinas_Full-back_stats
Carlos Puga (Full-back),https://datamb.football/Carlos_Puga_Full-back_stats
C. Bischoff (Full-back),https://datamb.football/C_Bischoff_Full-back_stats
A. Tahaui (Full-back),https://datamb.football/A_Tahaui_Full-back_stats
M. Jensen (Full-back),https://datamb.football/M_Jensen_Full-back_stats
W. Kokolo (Full-back),https://datamb.football/W_Kokolo_Full-back_stats
Wesley Gasolina (Full-back),https://datamb.football/Wesley_Gasolina_Full-back_stats
G. Di Lorenzo (Full-back),https://datamb.football/G_Di_Lorenzo_Full-back_stats
L. Spinazzola (Full-back),https://datamb.football/L_Spinazzola_Full-back_stats
L. Hall (Full-back),https://datamb.football/L_Hall_Full-back_stats
A. Dedić (Full-back),https://datamb.football/A_Dedi__Full-back_stats
M. Bard (Full-back),https://datamb.football/M_Bard_Full-back_stats
J. Clauss (Full-back),https://datamb.football/J_Clauss_Full-back_stats
N. Williams (Full-back),https://datamb.football/N_Williams_Full-back_stats
O. Aina (Full-back),https://datamb.football/O_Aina_Full-back_stats
Z. Athekame (Full-back),https://datamb.football/Z_Athekame_Full-back_stats
T. Weah (Full-back),https://datamb.football/T_Weah_Full-back_stats
Emerson Palmieri (Full-back),https://datamb.football/Emerson_Palmieri_Full-back_stats
Abel Bretones (Full-back),https://datamb.football/Abel_Bretones_Full-back_stats
Íñigo Arguibide (Full-back),https://datamb.football/_nigo_Arguibide_Full-back_stats
O. Aertssen (Full-back),https://datamb.football/O_Aertssen_Full-back_stats
S. Floranus (Full-back),https://datamb.football/S_Floranus_Full-back_stats
D. van der Haar (Full-back),https://datamb.football/D_van_der_Haar_Full-back_stats
W. Zaire-Emery (Full-back),https://datamb.football/W_Zaire_Emery_Full-back_stats
A. Hakimi (Full-back),https://datamb.football/A_Hakimi_Full-back_stats
Mauro Júnior (Full-back),https://datamb.football/Mauro_Junior_Full-back_stats
S. Dest (Full-back),https://datamb.football/S_Dest_Full-back_stats
R. Obermair (Full-back),https://datamb.football/R_Obermair_Full-back_stats
L. Curda (Full-back),https://datamb.football/L_Curda_Full-back_stats
Otávio (Full-back),https://datamb.football/Otavio_Full-back_stats
A. Camara (Full-back),https://datamb.football/A_Camara_Full-back_stats
E. Valeri (Full-back),https://datamb.football/E_Valeri_Full-back_stats
E. Del Prato (Full-back),https://datamb.football/E_Del_Prato_Full-back_stats
N. Pérez (Full-back),https://datamb.football/N_Perez_Full-back_stats
A. Costa (Full-back),https://datamb.football/A_Costa_Full-back_stats
Martim Fernandes (Full-back),https://datamb.football/Martim_Fernandes_Full-back_stats
Z. Sanusi (Full-back),https://datamb.football/Z_Sanusi_Full-back_stats
R. Baku (Full-back),https://datamb.football/R_Baku_Full-back_stats
D. Raum (Full-back),https://datamb.football/D_Raum_Full-back_stats
J. Salinas (Full-back),https://datamb.football/J_Salinas_Full-back_stats
Álvaro Mantilla (Full-back),https://datamb.football/_lvaro_Mantilla_Full-back_stats
I. Balliu (Full-back),https://datamb.football/I_Balliu_Full-back_stats
Adrià Pedrosa (Full-back),https://datamb.football/Adria_Pedrosa_Full-back_stats
A. Rațiu (Full-back),https://datamb.football/A_Ra_iu_Full-back_stats
Héctor Bellerín (Full-back),https://datamb.football/Hector_Bellerin_Full-back_stats
Fran García (Full-back),https://datamb.football/Fran_Garcia_Full-back_stats
Marc Cucurella (Full-back),https://datamb.football/Marc_Cucurella_Full-back_stats
D. Dumfries (Full-back),https://datamb.football/D_Dumfries_Full-back_stats
Jon Aramburu (Full-back),https://datamb.football/Jon_Aramburu_Full-back_stats
Sergio Gómez (Full-back),https://datamb.football/Sergio_Gomez_Full-back_stats
Q. Merlin (Full-back),https://datamb.football/Q_Merlin_Full-back_stats
P. Frankowski (Full-back),https://datamb.football/P_Frankowski_Full-back_stats
M. Vrousai (Full-back),https://datamb.football/M_Vrousai_Full-back_stats
G. Liavas (Full-back),https://datamb.football/G_Liavas_Full-back_stats
Nelson Abbey (Full-back),https://datamb.football/Nelson_Abbey_Full-back_stats
E. Lulli (Full-back),https://datamb.football/E_Lulli_Full-back_stats
Wesley (Full-back),https://datamb.football/Wesley_Full-back_stats
Guilherme Romão (Full-back),https://datamb.football/Guilherme_Rom_o_Full-back_stats
Calila (Full-back),https://datamb.football/Calila_Full-back_stats
J. Doig (Full-back),https://datamb.football/J_Doig_Full-back_stats
S. Cinquegrano (Full-back),https://datamb.football/S_Cinquegrano_Full-back_stats
G. Suazo (Full-back),https://datamb.football/G_Suazo_Full-back_stats
Juan Iglesias (Full-back),https://datamb.football/Juan_Iglesias_Full-back_stats
L. Martes (Full-back),https://datamb.football/L_Martes_Full-back_stats
B. Kuipers (Full-back),https://datamb.football/B_Kuipers_Full-back_stats
Víctor Gómez (Full-back),https://datamb.football/Victor_Gomez_Full-back_stats
Diogo Travassos (Full-back),https://datamb.football/Diogo_Travassos_Full-back_stats
Gabriel Silva (Full-back),https://datamb.football/Gabriel_Silva_Full-back_stats
M. Araújo (Full-back),https://datamb.football/M_Araujo_Full-back_stats
G. Vagiannidis (Full-back),https://datamb.football/G_Vagiannidis_Full-back_stats
G. Antwi (Full-back),https://datamb.football/G_Antwi_Full-back_stats
L. Hogsberg (Full-back),https://datamb.football/L_Hogsberg_Full-back_stats
M. Mittelstädt (Full-back),https://datamb.football/M_Mittelstadt_Full-back_stats
J. Vagnoman (Full-back),https://datamb.football/J_Vagnoman_Full-back_stats
N. Mukiele (Full-back),https://datamb.football/N_Mukiele_Full-back_stats
T. Meunier (Full-back),https://datamb.football/T_Meunier_Full-back_stats
Reinildo (Full-back),https://datamb.football/Reinildo_Full-back_stats
G. Alders (Full-back),https://datamb.football/G_Alders_Full-back_stats
J. Hardeveld (Full-back),https://datamb.football/J_Hardeveld_Full-back_stats
Niccolò Fortini (Full-back),https://datamb.football/Niccolo_Fortini_Full-back_stats
Alessio Cacciamani (Full-back),https://datamb.football/Alessio_Cacciamani_Full-back_stats
A. Gray (Full-back),https://datamb.football/A_Gray_Full-back_stats
Pedro Porro (Full-back),https://datamb.football/Pedro_Porro_Full-back_stats
A. Robertson (Full-back),https://datamb.football/A_Robertson_Full-back_stats
C. Tape (Full-back),https://datamb.football/C_Tape_Full-back_stats
I. Diallo (Full-back),https://datamb.football/I_Diallo_Full-back_stats
L. Maronnier (Full-back),https://datamb.football/L_Maronnier_Full-back_stats
A. Ouzenadji (Full-back),https://datamb.football/A_Ouzenadji_Full-back_stats
B. van Rooij (Full-back),https://datamb.football/B_van_Rooij_Full-back_stats
A. Adelgaard (Full-back),https://datamb.football/A_Adelgaard_Full-back_stats
H. Kamara (Full-back),https://datamb.football/H_Kamara_Full-back_stats
M. Vojvoda (Full-back),https://datamb.football/M_Vojvoda_Full-back_stats
T. Rothe (Full-back),https://datamb.football/T_Rothe_Full-back_stats
J. Juranović (Full-back),https://datamb.football/J_Juranovi__Full-back_stats
N. Vesterlund (Full-back),https://datamb.football/N_Vesterlund_Full-back_stats
A. Zagré (Full-back),https://datamb.football/A_Zagre_Full-back_stats
Jesús Vázquez (Full-back),https://datamb.football/Jesus_Vazquez_Full-back_stats
A. Hainaut (Full-back),https://datamb.football/A_Hainaut_Full-back_stats
R. Haps (Full-back),https://datamb.football/R_Haps_Full-back_stats
Carlos Romero (Full-back),https://datamb.football/Carlos_Romero_Full-back_stats
S. Mouriño (Full-back),https://datamb.football/S_Mourino_Full-back_stats
Tony Strata (Full-back),https://datamb.football/Tony_Strata_Full-back_stats
João Mendes (Full-back),https://datamb.football/Jo_o_Mendes_Full-back_stats
O. Deman (Full-back),https://datamb.football/O_Deman_Full-back_stats
N. Tjoe-A-On (Full-back),https://datamb.football/N_Tjoe_A_On_Full-back_stats
P. Van Loon (Full-back),https://datamb.football/P_Van_Loon_Full-back_stats
H. ter Avest (Full-back),https://datamb.football/H_ter_Avest_Full-back_stats
M. Jiménez (Midfielder),https://datamb.football/M_Jimenez_Midfielder_stats
J. Kilo (Midfielder),https://datamb.football/J_Kilo_Midfielder_stats
K. Smit (Midfielder),https://datamb.football/K_Smit_Midfielder_stats
P. Koopmeiners (Midfielder),https://datamb.football/P_Koopmeiners_Midfielder_stats
D. Kwakman (Midfielder),https://datamb.football/D_Kwakman_Midfielder_stats
S. Messeguem (Midfielder),https://datamb.football/S_Messeguem_Midfielder_stats
C. Kahraman (Midfielder),https://datamb.football/C_Kahraman_Midfielder_stats
André Ceitil (Midfielder),https://datamb.football/Andre_Ceitil_Midfielder_stats
Alejandro Mestanza (Midfielder),https://datamb.football/Alejandro_Mestanza_Midfielder_stats
J. Brandt (Midfielder),https://datamb.football/J_Brandt_Midfielder_stats
J. Mokio (Midfielder),https://datamb.football/J_Mokio_Midfielder_stats
Y. Regeer (Midfielder),https://datamb.football/Y_Regeer_Midfielder_stats
O. Gloukh (Midfielder),https://datamb.football/O_Gloukh_Midfielder_stats
D. Klaassen (Midfielder),https://datamb.football/D_Klaassen_Midfielder_stats
Rayan Lucas (Midfielder),https://datamb.football/Rayan_Lucas_Midfielder_stats
Davy Gui (Midfielder),https://datamb.football/Davy_Gui_Midfielder_stats
Figueiredo (Midfielder),https://datamb.football/Figueiredo_Midfielder_stats
Ian Luccas (Midfielder),https://datamb.football/Ian_Luccas_Midfielder_stats
Y. Belkhdim (Midfielder),https://datamb.football/Y_Belkhdim_Midfielder_stats
B. van den Boomen (Midfielder),https://datamb.football/B_van_den_Boomen_Midfielder_stats
A. Sbaï (Midfielder),https://datamb.football/A_Sbai_Midfielder_stats
E. van Ee (Midfielder),https://datamb.football/E_van_Ee_Midfielder_stats
Lee Hyun-Ju (Midfielder),https://datamb.football/Lee_Hyun_Ju_Midfielder_stats
Pablo Gozálbez (Midfielder),https://datamb.football/Pablo_Gozalbez_Midfielder_stats
T. Fukui (Midfielder),https://datamb.football/T_Fukui_Midfielder_stats
M. Lewis-Skelly (Midfielder),https://datamb.football/M_Lewis_Skelly_Midfielder_stats
D. Rice (Midfielder),https://datamb.football/D_Rice_Midfielder_stats
M. Ødegaard (Midfielder),https://datamb.football/M_degaard_Midfielder_stats
B. Kamara (Midfielder),https://datamb.football/B_Kamara_Midfielder_stats
E. Buendía (Midfielder),https://datamb.football/E_Buendia_Midfielder_stats
R. Barkley (Midfielder),https://datamb.football/R_Barkley_Midfielder_stats
Éderson (Midfielder),https://datamb.football/_derson_Midfielder_stats
M. Pašalić (Midfielder),https://datamb.football/M_Pa_ali__Midfielder_stats
G. Gaetano (Midfielder),https://datamb.football/G_Gaetano_Midfielder_stats
Beñat Gerenabarrena (Midfielder),https://datamb.football/Benat_Gerenabarrena_Midfielder_stats
Oihan Sancet (Midfielder),https://datamb.football/Oihan_Sancet_Midfielder_stats
Peio Canales  (Midfielder),https://datamb.football/Peio_Canales_Midfielder_stats
M. Hjulmand (Midfielder),https://datamb.football/M_Hjulmand_Midfielder_stats
Pablo Barrios (Midfielder),https://datamb.football/Pablo_Barrios_Midfielder_stats
Koke (Midfielder),https://datamb.football/Koke_Midfielder_stats
Fabian Rieder (Midfielder),https://datamb.football/Fabian_Rieder_Midfielder_stats
Han-Noah Massengo (Midfielder),https://datamb.football/Han_Noah_Massengo_Midfielder_stats
N. Ahamada (Midfielder),https://datamb.football/N_Ahamada_Midfielder_stats
A. Piedfort (Midfielder),https://datamb.football/A_Piedfort_Midfielder_stats
K. Danois (Midfielder),https://datamb.football/K_Danois_Midfielder_stats
Pedri (Midfielder),https://datamb.football/Pedri_Midfielder_stats
Marc Bernal (Midfielder),https://datamb.football/Marc_Bernal_Midfielder_stats
Fermín López (Midfielder),https://datamb.football/Fermin_Lopez_Midfielder_stats
Aleix García (Midfielder),https://datamb.football/Aleix_Garcia_Midfielder_stats
A. Pavlović (Midfielder),https://datamb.football/A_Pavlovi__Midfielder_stats
J. Kimmich (Midfielder),https://datamb.football/J_Kimmich_Midfielder_stats
G. Sudakov (Midfielder),https://datamb.football/G_Sudakov_Midfielder_stats
E. Barrenechea (Midfielder),https://datamb.football/E_Barrenechea_Midfielder_stats
João Palhinha (Midfielder),https://datamb.football/Jo_o_Palhinha_Midfielder_stats
Leandro Barreiro (Midfielder),https://datamb.football/Leandro_Barreiro_Midfielder_stats
L. Ferguson (Midfielder),https://datamb.football/L_Ferguson_Midfielder_stats
J. Odgaard (Midfielder),https://datamb.football/J_Odgaard_Midfielder_stats
J. Bellingham (Midfielder),https://datamb.football/J_Bellingham_Midfielder_stats
Hugo Bolin (Midfielder),https://datamb.football/Hugo_Bolin_Midfielder_stats
Philipp Sander (Midfielder),https://datamb.football/Philipp_Sander_Midfielder_stats
J. Kluivert (Midfielder),https://datamb.football/J_Kluivert_Midfielder_stats
L. Cook (Midfielder),https://datamb.football/L_Cook_Midfielder_stats
A. Scott (Midfielder),https://datamb.football/A_Scott_Midfielder_stats
M. Damsgaard (Midfielder),https://datamb.football/M_Damsgaard_Midfielder_stats
M. Sangaré (Midfielder),https://datamb.football/M_Sangare_Midfielder_stats
V. Janelt (Midfielder),https://datamb.football/V_Janelt_Midfielder_stats
J. Chotard (Midfielder),https://datamb.football/J_Chotard_Midfielder_stats
K. Doumbia (Midfielder),https://datamb.football/K_Doumbia_Midfielder_stats
Y. Ayari (Midfielder),https://datamb.football/Y_Ayari_Midfielder_stats
P. Groß (Midfielder),https://datamb.football/P_Gross_Midfielder_stats
M. Yalcouyé (Midfielder),https://datamb.football/M_Yalcouye_Midfielder_stats
H. Winks (Midfielder),https://datamb.football/H_Winks_Midfielder_stats
D. Maldini (Midfielder),https://datamb.football/D_Maldini_Midfielder_stats
A. Romano (Midfielder),https://datamb.football/A_Romano_Midfielder_stats
N. Souren (Midfielder),https://datamb.football/N_Souren_Midfielder_stats
S. Vink (Midfielder),https://datamb.football/S_Vink_Midfielder_stats
F. Kvam (Midfielder),https://datamb.football/F_Kvam_Midfielder_stats
R. El Arguioui (Midfielder),https://datamb.football/R_El_Arguioui_Midfielder_stats
S. Pérez (Midfielder),https://datamb.football/S_Perez_Midfielder_stats
João Rêgo (Midfielder),https://datamb.football/Jo_o_Rego_Midfielder_stats
Gabi Pereira (Midfielder),https://datamb.football/Gabi_Pereira_Midfielder_stats
L. Ofori (Midfielder),https://datamb.football/L_Ofori_Midfielder_stats
Silvi Clúa (Midfielder),https://datamb.football/Silvi_Clua_Midfielder_stats
Miguel Román (Midfielder),https://datamb.football/Miguel_Roman_Midfielder_stats
Aleix Febas (Midfielder),https://datamb.football/Aleix_Febas_Midfielder_stats
Ilaix Moriba (Midfielder),https://datamb.football/Ilaix_Moriba_Midfielder_stats
R. Lavia (Midfielder),https://datamb.football/R_Lavia_Midfielder_stats
C. Palmer (Midfielder),https://datamb.football/C_Palmer_Midfielder_stats
M. Rogers (Midfielder),https://datamb.football/M_Rogers_Midfielder_stats
R. James (Midfielder),https://datamb.football/R_James_Midfielder_stats
Luis Milla (Midfielder),https://datamb.football/Luis_Milla_Midfielder_stats
L. da Cunha (Midfielder),https://datamb.football/L_da_Cunha_Midfielder_stats
M. Perrone (Midfielder),https://datamb.football/M_Perrone_Midfielder_stats
Nico Paz (Midfielder),https://datamb.football/Nico_Paz_Midfielder_stats
J. Rudoni (Midfielder),https://datamb.football/J_Rudoni_Midfielder_stats
F. Onyeka (Midfielder),https://datamb.football/F_Onyeka_Midfielder_stats
C. Yirenkyi (Midfielder),https://datamb.football/C_Yirenkyi_Midfielder_stats
M. Grimes (Midfielder),https://datamb.football/M_Grimes_Midfielder_stats
Yéremy Pino (Midfielder),https://datamb.football/Yeremy_Pino_Midfielder_stats
E. Nketiah (Midfielder),https://datamb.football/E_Nketiah_Midfielder_stats
D. Kamada (Midfielder),https://datamb.football/D_Kamada_Midfielder_stats
A. Wharton (Midfielder),https://datamb.football/A_Wharton_Midfielder_stats
Antonio Blanco (Midfielder),https://datamb.football/Antonio_Blanco_Midfielder_stats
Pablo Ibáñez (Midfielder),https://datamb.football/Pablo_Ibanez_Midfielder_stats
Mikel Rodríguez (Midfielder),https://datamb.football/Mikel_Rodriguez_Midfielder_stats
Mario Soriano (Midfielder),https://datamb.football/Mario_Soriano_Midfielder_stats
L. Amatucci (Midfielder),https://datamb.football/L_Amatucci_Midfielder_stats
Raphael Onyedika (Midfielder),https://datamb.football/Raphael_Onyedika_Midfielder_stats
Gonzalo Villar (Midfielder),https://datamb.football/Gonzalo_Villar_Midfielder_stats
Marc Aguado (Midfielder),https://datamb.football/Marc_Aguado_Midfielder_stats
Felix Keidel (Midfielder),https://datamb.football/Felix_Keidel_Midfielder_stats
Lukasz Poreba (Midfielder),https://datamb.football/Lukasz_Poreba_Midfielder_stats
Edu Expósito (Midfielder),https://datamb.football/Edu_Exposito_Midfielder_stats
Javi Hernández (Midfielder),https://datamb.football/Javi_Hernandez_Midfielder_stats
Urko González (Midfielder),https://datamb.football/Urko_Gonzalez_Midfielder_stats
Xeka (Midfielder),https://datamb.football/Xeka_Midfielder_stats
João Carvalho (Midfielder),https://datamb.football/Jo_o_Carvalho_Midfielder_stats
A. Tsoungui (Midfielder),https://datamb.football/A_Tsoungui_Midfielder_stats
E. Doué (Midfielder),https://datamb.football/E_Doue_Midfielder_stats
L. Zvonarek (Midfielder),https://datamb.football/L_Zvonarek_Midfielder_stats
Robinho (Midfielder),https://datamb.football/Robinho_Midfielder_stats
J. Garner (Midfielder),https://datamb.football/J_Garner_Midfielder_stats
H. Armstrong (Midfielder),https://datamb.football/H_Armstrong_Midfielder_stats
K. Dewsbury-Hall (Midfielder),https://datamb.football/K_Dewsbury_Hall_Midfielder_stats
D. van Vianen (Midfielder),https://datamb.football/D_van_Vianen_Midfielder_stats
I. Yegoian (Midfielder),https://datamb.football/I_Yegoian_Midfielder_stats
L. Hartjes (Midfielder),https://datamb.football/L_Hartjes_Midfielder_stats
M. De Amorim (Midfielder),https://datamb.football/M_De_Amorim_Midfielder_stats
Óscar Aranda (Midfielder),https://datamb.football/_scar_Aranda_Midfielder_stats
Marcos Peña (Midfielder),https://datamb.football/Marcos_Pena_Midfielder_stats
T. van de Looi (Midfielder),https://datamb.football/T_van_de_Looi_Midfielder_stats
Pedro Santos (Midfielder),https://datamb.football/Pedro_Santos_Midfielder_stats
Paulo Moreira (Midfielder),https://datamb.football/Paulo_Moreira_Midfielder_stats
T. Szűcs (Midfielder),https://datamb.football/T_Sz_cs_Midfielder_stats
L. Valente (Midfielder),https://datamb.football/L_Valente_Midfielder_stats
G. Zechiël (Midfielder),https://datamb.football/G_Zechiel_Midfielder_stats
O. Targhalline (Midfielder),https://datamb.football/O_Targhalline_Midfielder_stats
C. Vanhoutte (Midfielder),https://datamb.football/C_Vanhoutte_Midfielder_stats
A. Atta (Midfielder),https://datamb.football/A_Atta_Midfielder_stats
C. Ndour (Midfielder),https://datamb.football/C_Ndour_Midfielder_stats
N. Fagioli (Midfielder),https://datamb.football/N_Fagioli_Midfielder_stats
E. Michut (Midfielder),https://datamb.football/E_Michut_Midfielder_stats
Y. Oukili (Midfielder),https://datamb.football/Y_Oukili_Midfielder_stats
M. Ihattaren (Midfielder),https://datamb.football/M_Ihattaren_Midfielder_stats
Shiloh 't Zand (Midfielder),https://datamb.football/Shiloh_t_Zand_Midfielder_stats
Y. Suzuki (Midfielder),https://datamb.football/Y_Suzuki_Midfielder_stats
M. Eggestein (Midfielder),https://datamb.football/M_Eggestein_Midfielder_stats
Y. Engelhardt (Midfielder),https://datamb.football/Y_Engelhardt_Midfielder_stats
R. Schmid (Midfielder),https://datamb.football/R_Schmid_Midfielder_stats
G. Calò (Midfielder),https://datamb.football/G_Calo_Midfielder_stats
P. Masini (Midfielder),https://datamb.football/P_Masini_Midfielder_stats
S. Berge (Midfielder),https://datamb.football/S_Berge_Midfielder_stats
J. King (Midfielder),https://datamb.football/J_King_Midfielder_stats
A. Iwobi (Midfielder),https://datamb.football/A_Iwobi_Midfielder_stats
Vitinha (Midfielder),https://datamb.football/Vitinha_Midfielder_stats
T. Baldanzi (Midfielder),https://datamb.football/T_Baldanzi_Midfielder_stats
M. Frendrup (Midfielder),https://datamb.football/M_Frendrup_Midfielder_stats
D. Sow (Midfielder),https://datamb.football/D_Sow_Midfielder_stats
O. Mangala (Midfielder),https://datamb.football/O_Mangala_Midfielder_stats
Ramón Terrats (Midfielder),https://datamb.football/Ramon_Terrats_Midfielder_stats
Francho Serrano (Midfielder),https://datamb.football/Francho_Serrano_Midfielder_stats
A. Lausen (Midfielder),https://datamb.football/A_Lausen_Midfielder_stats
F. Cáseres (Midfielder),https://datamb.football/F_Caseres_Midfielder_stats
Santi García (Midfielder),https://datamb.football/Santi_Garcia_Midfielder_stats
V. Edvardsen (Midfielder),https://datamb.football/V_Edvardsen_Midfielder_stats
E. Linthorst (Midfielder),https://datamb.football/E_Linthorst_Midfielder_stats
M. Meulensteen (Midfielder),https://datamb.football/M_Meulensteen_Midfielder_stats
T. de Jonge (Midfielder),https://datamb.football/T_de_Jonge_Midfielder_stats
T. Land (Midfielder),https://datamb.football/T_Land_Midfielder_stats
T. van Bergen (Midfielder),https://datamb.football/T_van_Bergen_Midfielder_stats
A. Grønbæk (Midfielder),https://datamb.football/A_Gronbaek_Midfielder_stats
N. Remberg (Midfielder),https://datamb.football/N_Remberg_Midfielder_stats
R. Meerveld (Midfielder),https://datamb.football/R_Meerveld_Midfielder_stats
D. Proper (Midfielder),https://datamb.football/D_Proper_Midfielder_stats
N. Courtens (Midfielder),https://datamb.football/N_Courtens_Midfielder_stats
M. Linday (Midfielder),https://datamb.football/M_Linday_Midfielder_stats
Leon Avdullahu (Midfielder),https://datamb.football/Leon_Avdullahu_Midfielder_stats
Wouter Burger (Midfielder),https://datamb.football/Wouter_Burger_Midfielder_stats
R. Slater (Midfielder),https://datamb.football/R_Slater_Midfielder_stats
P. Sučić (Midfielder),https://datamb.football/P_Su_i__Midfielder_stats
N. Barella (Midfielder),https://datamb.football/N_Barella_Midfielder_stats
P. Zieliński (Midfielder),https://datamb.football/P_Zieli_ski_Midfielder_stats
S. Lukić (Midfielder),https://datamb.football/S_Luki__Midfielder_stats
J. Enciso (Midfielder),https://datamb.football/J_Enciso_Midfielder_stats
Douglas Luiz (Midfielder),https://datamb.football/Douglas_Luiz_Midfielder_stats
M. Locatelli (Midfielder),https://datamb.football/M_Locatelli_Midfielder_stats
Ísak Jóhannesson (Midfielder),https://datamb.football/_sak_Johannesson_Midfielder_stats
Tom Krauß (Midfielder),https://datamb.football/Tom_Krauss_Midfielder_stats
K. Taylor (Midfielder),https://datamb.football/K_Taylor_Midfielder_stats
A. Richardson (Midfielder),https://datamb.football/A_Richardson_Midfielder_stats
S. Ebonog (Midfielder),https://datamb.football/S_Ebonog_Midfielder_stats
R. Ndiaye (Midfielder),https://datamb.football/R_Ndiaye_Midfielder_stats
Alexandre Lauray (Midfielder),https://datamb.football/Alexandre_Lauray_Midfielder_stats
Antoine Rabillard (Midfielder),https://datamb.football/Antoine_Rabillard_Midfielder_stats
Adil Bourabaa (Midfielder),https://datamb.football/Adil_Bourabaa_Midfielder_stats
O. Ngom (Midfielder),https://datamb.football/O_Ngom_Midfielder_stats
L. Coulibaly (Midfielder),https://datamb.football/L_Coulibaly_Midfielder_stats
B. Aaronson (Midfielder),https://datamb.football/B_Aaronson_Midfielder_stats
N. Okafor (Midfielder),https://datamb.football/N_Okafor_Midfielder_stats
E. Ampadu (Midfielder),https://datamb.football/E_Ampadu_Midfielder_stats
A. Stach (Midfielder),https://datamb.football/A_Stach_Midfielder_stats
F. Thauvin (Midfielder),https://datamb.football/F_Thauvin_Midfielder_stats
Y. Titraoui (Midfielder),https://datamb.football/Y_Titraoui_Midfielder_stats
M. Cuisance (Midfielder),https://datamb.football/M_Cuisance_Midfielder_stats
Oriol Rey (Midfielder),https://datamb.football/Oriol_Rey_Midfielder_stats
Jon Ander Olasagasti (Midfielder),https://datamb.football/Jon_Ander_Olasagasti_Midfielder_stats
E. Bardeli (Midfielder),https://datamb.football/E_Bardeli_Midfielder_stats
H. Haraldsson (Midfielder),https://datamb.football/H_Haraldsson_Midfielder_stats
N. Bentaleb (Midfielder),https://datamb.football/N_Bentaleb_Midfielder_stats
B. André (Midfielder),https://datamb.football/B_Andre_Midfielder_stats
N. Mukau (Midfielder),https://datamb.football/N_Mukau_Midfielder_stats
A. Mac Allister (Midfielder),https://datamb.football/A_Mac_Allister_Midfielder_stats
D. Szoboszlai (Midfielder),https://datamb.football/D_Szoboszlai_Midfielder_stats
F. Wirtz (Midfielder),https://datamb.football/F_Wirtz_Midfielder_stats
A. Avom (Midfielder),https://datamb.football/A_Avom_Midfielder_stats
G. Bernardeau (Midfielder),https://datamb.football/G_Bernardeau_Midfielder_stats
J. Makengo (Midfielder),https://datamb.football/J_Makengo_Midfielder_stats
N. Cadiou (Midfielder),https://datamb.football/N_Cadiou_Midfielder_stats
Kaishu Sano (Midfielder),https://datamb.football/Kaishu_Sano_Midfielder_stats
Lee Jae-Sung (Midfielder),https://datamb.football/Lee_Jae_Sung_Midfielder_stats
Nadiem Amiri (Midfielder),https://datamb.football/Nadiem_Amiri_Midfielder_stats
N. O'Reilly (Midfielder),https://datamb.football/N_O_Reilly_Midfielder_stats
R. Cherki (Midfielder),https://datamb.football/R_Cherki_Midfielder_stats
E. Anderson (Midfielder),https://datamb.football/E_Anderson_Midfielder_stats
K. Mainoo (Midfielder),https://datamb.football/K_Mainoo_Midfielder_stats
Bruno Fernandes (Midfielder),https://datamb.football/Bruno_Fernandes_Midfielder_stats
Y. Tielemans (Midfielder),https://datamb.football/Y_Tielemans_Midfielder_stats
Rodrigo Andrade (Midfielder),https://datamb.football/Rodrigo_Andrade_Midfielder_stats
Raphael Guzzo (Midfielder),https://datamb.football/Raphael_Guzzo_Midfielder_stats
V. Danilović (Midfielder),https://datamb.football/V_Danilovi__Midfielder_stats
R. Loftus-Cheek (Midfielder),https://datamb.football/R_Loftus_Cheek_Midfielder_stats
Y. Musah (Midfielder),https://datamb.football/Y_Musah_Midfielder_stats
A. Cissè (Midfielder),https://datamb.football/A_Cisse_Midfielder_stats
L. Modrić (Midfielder),https://datamb.football/L_Modri__Midfielder_stats
D. Zakaria (Midfielder),https://datamb.football/D_Zakaria_Midfielder_stats
L. Camara (Midfielder),https://datamb.football/L_Camara_Midfielder_stats
A. Golovin (Midfielder),https://datamb.football/A_Golovin_Midfielder_stats
M. Ondoa (Midfielder),https://datamb.football/M_Ondoa_Midfielder_stats
A. Colpani (Midfielder),https://datamb.football/A_Colpani_Midfielder_stats
Rodri Alonso (Midfielder),https://datamb.football/Rodri_Alonso_Midfielder_stats
João Veloso (Midfielder),https://datamb.football/Jo_o_Veloso_Midfielder_stats
Nile John (Midfielder),https://datamb.football/Nile_John_Midfielder_stats
Guilherme Liberato (Midfielder),https://datamb.football/Guilherme_Liberato_Midfielder_stats
Dani Lorenzo (Midfielder),https://datamb.football/Dani_Lorenzo_Midfielder_stats
Carlos Dotor (Midfielder),https://datamb.football/Carlos_Dotor_Midfielder_stats
Izan Merino (Midfielder),https://datamb.football/Izan_Merino_Midfielder_stats
D. Tadić (Midfielder),https://datamb.football/D_Tadi__Midfielder_stats
N. Lebreton (Midfielder),https://datamb.football/N_Lebreton_Midfielder_stats
Jamiro Monteiro (Midfielder),https://datamb.football/Jamiro_Monteiro_Midfielder_stats
T. Chery (Midfielder),https://datamb.football/T_Chery_Midfielder_stats
D. Nejašmić (Midfielder),https://datamb.football/D_Neja_mi__Midfielder_stats
Daniel Júnior (Midfielder),https://datamb.football/Daniel_Junior_Midfielder_stats
Filipe Soares (Midfielder),https://datamb.football/Filipe_Soares_Midfielder_stats
Liziero (Midfielder),https://datamb.football/Liziero_Midfielder_stats
F. Anguissa (Midfielder),https://datamb.football/F_Anguissa_Midfielder_stats
S. Lobotka (Midfielder),https://datamb.football/S_Lobotka_Midfielder_stats
S. McTominay (Midfielder),https://datamb.football/S_McTominay_Midfielder_stats
L. Miley (Midfielder),https://datamb.football/L_Miley_Midfielder_stats
J. Willock (Midfielder),https://datamb.football/J_Willock_Midfielder_stats
Nico González (Midfielder),https://datamb.football/Nico_Gonzalez_Midfielder_stats
D. Coulibaly (Midfielder),https://datamb.football/D_Coulibaly_Midfielder_stats
S. Diop (Midfielder),https://datamb.football/S_Diop_Midfielder_stats
A. Witsel (Midfielder),https://datamb.football/A_Witsel_Midfielder_stats
G. Hein (Midfielder),https://datamb.football/G_Hein_Midfielder_stats
M. Gibbs-White (Midfielder),https://datamb.football/M_Gibbs_White_Midfielder_stats
X. Schlager (Midfielder),https://datamb.football/X_Schlager_Midfielder_stats
D. Ndoye (Midfielder),https://datamb.football/D_Ndoye_Midfielder_stats
J. McAtee (Midfielder),https://datamb.football/J_McAtee_Midfielder_stats
T. Morton (Midfielder),https://datamb.football/T_Morton_Midfielder_stats
C. Tolisso (Midfielder),https://datamb.football/C_Tolisso_Midfielder_stats
M. Bidstrup (Midfielder),https://datamb.football/M_Bidstrup_Midfielder_stats
P. Højbjerg (Midfielder),https://datamb.football/P_Hojbjerg_Midfielder_stats
A. Gomes (Midfielder),https://datamb.football/A_Gomes_Midfielder_stats
H. Abdelli (Midfielder),https://datamb.football/H_Abdelli_Midfielder_stats
Aimar Oroz (Midfielder),https://datamb.football/Aimar_Oroz_Midfielder_stats
Jon Moncayola (Midfielder),https://datamb.football/Jon_Moncayola_Midfielder_stats
Iker Muñoz (Midfielder),https://datamb.football/Iker_Munoz_Midfielder_stats
T. Oosting (Midfielder),https://datamb.football/T_Oosting_Midfielder_stats
R. Thomas (Midfielder),https://datamb.football/R_Thomas_Midfielder_stats
T. Sommer (Midfielder),https://datamb.football/T_Sommer_Midfielder_stats
Fabián Ruiz (Midfielder),https://datamb.football/Fabian_Ruiz_Midfielder_stats
Vitinha (Midfielder),https://datamb.football/Vitinha_Midfielder_stats1
João Neves (Midfielder),https://datamb.football/Jo_o_Neves_Midfielder_stats
N. Fernandez (Midfielder),https://datamb.football/N_Fernandez_Midfielder_stats
G. Til (Midfielder),https://datamb.football/G_Til_Midfielder_stats
P. Wanner (Midfielder),https://datamb.football/P_Wanner_Midfielder_stats
K. Sano (Midfielder),https://datamb.football/K_Sano_Midfielder_stats
S. Castañeda (Midfielder),https://datamb.football/S_Castaneda_Midfielder_stats
L. Ulrich (Midfielder),https://datamb.football/L_Ulrich_Midfielder_stats
M. López (Midfielder),https://datamb.football/M_Lopez_Midfielder_stats
P. Lees-Melou (Midfielder),https://datamb.football/P_Lees_Melou_Midfielder_stats
P. Pagis (Midfielder),https://datamb.football/P_Pagis_Midfielder_stats
M. Keita (Midfielder),https://datamb.football/M_Keita_Midfielder_stats
C. Ordoñez (Midfielder),https://datamb.football/C_Ordonez_Midfielder_stats
P. Rosario (Midfielder),https://datamb.football/P_Rosario_Midfielder_stats
V. Froholdt (Midfielder),https://datamb.football/V_Froholdt_Midfielder_stats
Gabri Veiga (Midfielder),https://datamb.football/Gabri_Veiga_Midfielder_stats
N. Seiwald (Midfielder),https://datamb.football/N_Seiwald_Midfielder_stats
E. Banzuzi (Midfielder),https://datamb.football/E_Banzuzi_Midfielder_stats
Iván Martín (Midfielder),https://datamb.football/Ivan_Martin_Midfielder_stats
G. Puerta (Midfielder),https://datamb.football/G_Puerta_Midfielder_stats
Sergio Canales (Midfielder),https://datamb.football/Sergio_Canales_Midfielder_stats
Unai López (Midfielder),https://datamb.football/Unai_Lopez_Midfielder_stats
Pedro Díaz (Midfielder),https://datamb.football/Pedro_Diaz_Midfielder_stats
Óscar Valentín (Midfielder),https://datamb.football/_scar_Valentin_Midfielder_stats
Isco (Midfielder),https://datamb.football/Isco_Midfielder_stats
N. Deossa (Midfielder),https://datamb.football/N_Deossa_Midfielder_stats
Marc Roca (Midfielder),https://datamb.football/Marc_Roca_Midfielder_stats
F. Bernal (Midfielder),https://datamb.football/F_Bernal_Midfielder_stats
F. Valverde (Midfielder),https://datamb.football/F_Valverde_Midfielder_stats
E. Camavinga (Midfielder),https://datamb.football/E_Camavinga_Midfielder_stats
J. Bellingham (Midfielder),https://datamb.football/J_Bellingham_Midfielder_stats1
Bernardo Silva (Midfielder),https://datamb.football/Bernardo_Silva_Midfielder_stats
L. Sučić (Midfielder),https://datamb.football/L_Su_i__Midfielder_stats
Beñat Turrientes (Midfielder),https://datamb.football/Benat_Turrientes_Midfielder_stats
Y. Herrera (Midfielder),https://datamb.football/Y_Herrera_Midfielder_stats
Carlos Soler (Midfielder),https://datamb.football/Carlos_Soler_Midfielder_stats
S. Szymański (Midfielder),https://datamb.football/S_Szyma_ski_Midfielder_stats
V. Rongier (Midfielder),https://datamb.football/V_Rongier_Midfielder_stats
A. Thomasson (Midfielder),https://datamb.football/A_Thomasson_Midfielder_stats
A. Ntoi (Midfielder),https://datamb.football/A_Ntoi_Midfielder_stats
T. Nikitscher (Midfielder),https://datamb.football/T_Nikitscher_Midfielder_stats
J. Blesa (Midfielder),https://datamb.football/J_Blesa_Midfielder_stats
Diogo Nascimento (Midfielder),https://datamb.football/Diogo_Nascimento_Midfielder_stats
B. Cristante (Midfielder),https://datamb.football/B_Cristante_Midfielder_stats
M. Koné (Midfielder),https://datamb.football/M_Kone_Midfielder_stats
Tiago Ribeiro (Midfielder),https://datamb.football/Tiago_Ribeiro_Midfielder_stats
Pedro Ferreira (Midfielder),https://datamb.football/Pedro_Ferreira_Midfielder_stats
Dani Borges (Midfielder),https://datamb.football/Dani_Borges_Midfielder_stats
José Tavares (Midfielder),https://datamb.football/Jose_Tavares_Midfielder_stats
V. Adžić (Midfielder),https://datamb.football/V_Ad_i__Midfielder_stats
D. Bakola (Midfielder),https://datamb.football/D_Bakola_Midfielder_stats
N. Matić (Midfielder),https://datamb.football/N_Mati__Midfielder_stats
S. El-Faouzi (Midfielder),https://datamb.football/S_El_Faouzi_Midfielder_stats
Jon Guridi (Midfielder),https://datamb.football/Jon_Guridi_Midfielder_stats
L. Agoumé (Midfielder),https://datamb.football/L_Agoume_Midfielder_stats
Peque Fernández (Midfielder),https://datamb.football/Peque_Fernandez_Midfielder_stats
J. Baas (Midfielder),https://datamb.football/J_Baas_Midfielder_stats
J. Toornstra (Midfielder),https://datamb.football/J_Toornstra_Midfielder_stats
R. Van Cruijsen (Midfielder),https://datamb.football/R_Van_Cruijsen_Midfielder_stats
S. Mito (Midfielder),https://datamb.football/S_Mito_Midfielder_stats
João Moutinho (Midfielder),https://datamb.football/Jo_o_Moutinho_Midfielder_stats
E. Tıknaz (Midfielder),https://datamb.football/E_T_knaz_Midfielder_stats
Sergi Altimira (Midfielder),https://datamb.football/Sergi_Altimira_Midfielder_stats
I. Doumbia (Midfielder),https://datamb.football/I_Doumbia_Midfielder_stats
Rodrigo Zalazar (Midfielder),https://datamb.football/Rodrigo_Zalazar_Midfielder_stats
Diogo Sousa (Midfielder),https://datamb.football/Diogo_Sousa_Midfielder_stats
G. Reyna (Midfielder),https://datamb.football/G_Reyna_Midfielder_stats
P. Diop (Midfielder),https://datamb.football/P_Diop_Midfielder_stats
G. Prömel (Midfielder),https://datamb.football/G_Promel_Midfielder_stats
A. Stiller (Midfielder),https://datamb.football/A_Stiller_Midfielder_stats
G. Xhaka (Midfielder),https://datamb.football/G_Xhaka_Midfielder_stats
N. Sadiki (Midfielder),https://datamb.football/N_Sadiki_Midfielder_stats
E. Le Fée (Midfielder),https://datamb.football/E_Le_Fee_Midfielder_stats
N. Rossen (Midfielder),https://datamb.football/N_Rossen_Midfielder_stats
P. Brouwer (Midfielder),https://datamb.football/P_Brouwer_Midfielder_stats
T. Owusu (Midfielder),https://datamb.football/T_Owusu_Midfielder_stats
 Kian Fitz-Jim (Midfielder),https://datamb.football/Kian_Fitz_Jim_Midfielder_stats
Nikola Vlašić (Midfielder),https://datamb.football/Nikola_Vla_i__Midfielder_stats
Gvidas Gineitis (Midfielder),https://datamb.football/Gvidas_Gineitis_Midfielder_stats
Mateus Fernandes (Midfielder),https://datamb.football/Mateus_Fernandes_Midfielder_stats
S. Tonali (Midfielder),https://datamb.football/S_Tonali_Midfielder_stats
R. Bentancur (Midfielder),https://datamb.football/R_Bentancur_Midfielder_stats
C. Cásseres (Midfielder),https://datamb.football/C_Casseres_Midfielder_stats
T. Jørgensen (Midfielder),https://datamb.football/T_Jorgensen_Midfielder_stats
H. Picard (Midfielder),https://datamb.football/H_Picard_Midfielder_stats
A. Mille (Midfielder),https://datamb.football/A_Mille_Midfielder_stats
M. Diop (Midfielder),https://datamb.football/M_Diop_Midfielder_stats
I. Gomis (Midfielder),https://datamb.football/I_Gomis_Midfielder_stats
D. Weidmann (Midfielder),https://datamb.football/D_Weidmann_Midfielder_stats
R. Zerrouki (Midfielder),https://datamb.football/R_Zerrouki_Midfielder_stats
D. Rots (Midfielder),https://datamb.football/D_Rots_Midfielder_stats
Younes Taha (Midfielder),https://datamb.football/Younes_Taha_Midfielder_stats
J. Karlström (Midfielder),https://datamb.football/J_Karlstrom_Midfielder_stats
J. Ekkelenkamp (Midfielder),https://datamb.football/J_Ekkelenkamp_Midfielder_stats
R. Khedira (Midfielder),https://datamb.football/R_Khedira_Midfielder_stats
D. van den Berg (Midfielder),https://datamb.football/D_van_den_Berg_Midfielder_stats
D. de Wit (Midfielder),https://datamb.football/D_de_Wit_Midfielder_stats
G. Rodríguez (Midfielder),https://datamb.football/G_Rodriguez_Midfielder_stats
F. Ugrinić (Midfielder),https://datamb.football/F_Ugrini__Midfielder_stats
A. Dieng (Midfielder),https://datamb.football/A_Dieng_Midfielder_stats
T. Bašić (Midfielder),https://datamb.football/T_Ba_i__Midfielder_stats
Kike Pérez (Midfielder),https://datamb.football/Kike_Perez_Midfielder_stats
G. Busio (Midfielder),https://datamb.football/G_Busio_Midfielder_stats
P. Gueye (Midfielder),https://datamb.football/P_Gueye_Midfielder_stats
Santi Comesaña (Midfielder),https://datamb.football/Santi_Comesana_Midfielder_stats
Lohann Doucet (Midfielder),https://datamb.football/Lohann_Doucet_Midfielder_stats
Gonçalo Nogueira (Midfielder),https://datamb.football/Goncalo_Nogueira_Midfielder_stats
Beni (Midfielder),https://datamb.football/Beni_Midfielder_stats
Samu Silva (Midfielder),https://datamb.football/Samu_Silva_Midfielder_stats
L. Reis (Midfielder),https://datamb.football/L_Reis_Midfielder_stats
Chuki (Midfielder),https://datamb.football/Chuki_Midfielder_stats
K. Boogaard (Midfielder),https://datamb.football/K_Boogaard_Midfielder_stats
A. Ciranni (Midfielder),https://datamb.football/A_Ciranni_Midfielder_stats
U. van Aalst (Midfielder),https://datamb.football/U_van_Aalst_Midfielder_stats
C. Twigt (Midfielder),https://datamb.football/C_Twigt_Midfielder_stats
J. Hawkins (Winger),https://datamb.football/J_Hawkins_Winger_stats
D. van Mieghem (Winger),https://datamb.football/D_van_Mieghem_Winger_stats
N. Thomas (Winger),https://datamb.football/N_Thomas_Winger_stats
I. de Ruijter (Winger),https://datamb.football/I_de_Ruijter_Winger_stats
Weslley Patati (Winger),https://datamb.football/Weslley_Patati_Winger_stats
R. Daal (Winger),https://datamb.football/R_Daal_Winger_stats
C. Stengs (Winger),https://datamb.football/C_Stengs_Winger_stats
K. Smit (Winger),https://datamb.football/K_Smit_Winger_stats
Lorougnon Gohi (Winger),https://datamb.football/Lorougnon_Gohi_Winger_stats
Á. Zamora (Winger),https://datamb.football/_Zamora_Winger_stats
João Guilherme (Winger),https://datamb.football/Jo_o_Guilherme_Winger_stats
S. Berghuis (Winger),https://datamb.football/S_Berghuis_Winger_stats
O. Gloukh (Winger),https://datamb.football/O_Gloukh_Winger_stats
J. Brandt (Winger),https://datamb.football/J_Brandt_Winger_stats
A. Ouazane (Winger),https://datamb.football/A_Ouazane_Winger_stats
Figueiredo (Winger),https://datamb.football/Figueiredo_Winger_stats
Chiquinho (Winger),https://datamb.football/Chiquinho_Winger_stats
A. Sbaï (Winger),https://datamb.football/A_Sbai_Winger_stats
A. Bermont (Winger),https://datamb.football/A_Bermont_Winger_stats
J. Allevinah (Winger),https://datamb.football/J_Allevinah_Winger_stats
N. Djouahra (Winger),https://datamb.football/N_Djouahra_Winger_stats
A. Trezza (Winger),https://datamb.football/A_Trezza_Winger_stats
Lee Hyun-Ju (Winger),https://datamb.football/Lee_Hyun_Ju_Winger_stats
Pablo Gozálbez (Winger),https://datamb.football/Pablo_Gozalbez_Winger_stats
M. Ødegaard (Winger),https://datamb.football/M_degaard_Winger_stats
C. Tzolis (Winger),https://datamb.football/C_Tzolis_Winger_stats
B. Saka (Winger),https://datamb.football/B_Saka_Winger_stats
J. McGinn (Winger),https://datamb.football/J_McGinn_Winger_stats
E. Buendía (Winger),https://datamb.football/E_Buendia_Winger_stats
G. Hemmings (Winger),https://datamb.football/G_Hemmings_Winger_stats
C. De Ketelaere (Winger),https://datamb.football/C_De_Ketelaere_Winger_stats
Álex Berenguer (Winger),https://datamb.football/_lex_Berenguer_Winger_stats
Nico Williams (Winger),https://datamb.football/Nico_Williams_Winger_stats
Robert Navarro (Winger),https://datamb.football/Robert_Navarro_Winger_stats
Oihan Sancet (Winger),https://datamb.football/Oihan_Sancet_Winger_stats
G. Simeone (Winger),https://datamb.football/G_Simeone_Winger_stats
R. Faivre (Winger),https://datamb.football/R_Faivre_Winger_stats
Lamine Yamal (Winger),https://datamb.football/Lamine_Yamal_Winger_stats
A. Gordon (Winger),https://datamb.football/A_Gordon_Winger_stats
Afonso Moreira (Winger),https://datamb.football/Afonso_Moreira_Winger_stats
I. Maza (Winger),https://datamb.football/I_Maza_Winger_stats
L. Díaz (Winger),https://datamb.football/L_Diaz_Winger_stats
Rafa Silva (Winger),https://datamb.football/Rafa_Silva_Winger_stats
G. Prestianni (Winger),https://datamb.football/G_Prestianni_Winger_stats
G. Sudakov (Winger),https://datamb.football/G_Sudakov_Winger_stats
F. Bernardeschi (Winger),https://datamb.football/F_Bernardeschi_Winger_stats
J. Odgaard (Winger),https://datamb.football/J_Odgaard_Winger_stats
N. Cambiaghi (Winger),https://datamb.football/N_Cambiaghi_Winger_stats
Hugo Bolin (Winger),https://datamb.football/Hugo_Bolin_Winger_stats
Rayan (Winger),https://datamb.football/Rayan_Winger_stats
M. Tavernier (Winger),https://datamb.football/M_Tavernier_Winger_stats
J. Kluivert (Winger),https://datamb.football/J_Kluivert_Winger_stats
Dango Ouattara (Winger),https://datamb.football/Dango_Ouattara_Winger_stats
K. Schade (Winger),https://datamb.football/K_Schade_Winger_stats
M. Damsgaard (Winger),https://datamb.football/M_Damsgaard_Winger_stats
K. Doumbia (Winger),https://datamb.football/K_Doumbia_Winger_stats
P. Mboup (Winger),https://datamb.football/P_Mboup_Winger_stats
M. Yalcouyé (Winger),https://datamb.football/M_Yalcouye_Winger_stats
D. Gómez (Winger),https://datamb.football/D_Gomez_Winger_stats
M. De Cuyper (Winger),https://datamb.football/M_De_Cuyper_Winger_stats
D. Maldini (Winger),https://datamb.football/D_Maldini_Winger_stats
M. Adopo (Winger),https://datamb.football/M_Adopo_Winger_stats
I. Henstra (Winger),https://datamb.football/I_Henstra_Winger_stats
R. El Arguioui (Winger),https://datamb.football/R_El_Arguioui_Winger_stats
I. Hamache (Winger),https://datamb.football/I_Hamache_Winger_stats
K. Prieto (Winger),https://datamb.football/K_Prieto_Winger_stats
Rochinha (Winger),https://datamb.football/Rochinha_Winger_stats
João Rêgo (Winger),https://datamb.football/Jo_o_Rego_Winger_stats
Iago Aspas (Winger),https://datamb.football/Iago_Aspas_Winger_stats
W. Swedberg (Winger),https://datamb.football/W_Swedberg_Winger_stats
C. Palmer (Winger),https://datamb.football/C_Palmer_Winger_stats
M. Rogers (Winger),https://datamb.football/M_Rogers_Winger_stats
M. Baturina (Winger),https://datamb.football/M_Baturina_Winger_stats
Assane Diao (Winger),https://datamb.football/Assane_Diao_Winger_stats
Nico Paz (Winger),https://datamb.football/Nico_Paz_Winger_stats
L. Tchaouna (Winger),https://datamb.football/L_Tchaouna_Winger_stats
J. Rudoni (Winger),https://datamb.football/J_Rudoni_Winger_stats
E. Nketiah (Winger),https://datamb.football/E_Nketiah_Winger_stats
Yéremy Pino (Winger),https://datamb.football/Yeremy_Pino_Winger_stats
Luismi Cruz (Winger),https://datamb.football/Luismi_Cruz_Winger_stats
Can Uzun (Winger),https://datamb.football/Can_Uzun_Winger_stats
Ali Houary (Winger),https://datamb.football/Ali_Houary_Winger_stats
Lukas Petkov (Winger),https://datamb.football/Lukas_Petkov_Winger_stats
Álex Calatrava (Winger),https://datamb.football/_lex_Calatrava_Winger_stats
Javi Hernández (Winger),https://datamb.football/Javi_Hernandez_Winger_stats
T. Dolan (Winger),https://datamb.football/T_Dolan_Winger_stats
João Carvalho (Winger),https://datamb.football/Jo_o_Carvalho_Winger_stats
André Lacximicant (Winger),https://datamb.football/Andre_Lacximicant_Winger_stats
R. Guitane (Winger),https://datamb.football/R_Guitane_Winger_stats
M. Ayomide (Winger),https://datamb.football/M_Ayomide_Winger_stats
I. Stoica (Winger),https://datamb.football/I_Stoica_Winger_stats
T. George (Winger),https://datamb.football/T_George_Winger_stats
K. Dewsbury-Hall (Winger),https://datamb.football/K_Dewsbury_Hall_Winger_stats
A. Sliti (Winger),https://datamb.football/A_Sliti_Winger_stats
Pedro Santos (Winger),https://datamb.football/Pedro_Santos_Winger_stats
R. Beney (Winger),https://datamb.football/R_Beney_Winger_stats
Óscar Aranda (Winger),https://datamb.football/_scar_Aranda_Winger_stats
Sorriso (Winger),https://datamb.football/Sorriso_Winger_stats
Gil Dias (Winger),https://datamb.football/Gil_Dias_Winger_stats
L. Valente (Winger),https://datamb.football/L_Valente_Winger_stats
G. Diarra (Winger),https://datamb.football/G_Diarra_Winger_stats
A. Hadj-Moussa (Winger),https://datamb.football/A_Hadj_Moussa_Winger_stats
F. Mastantuono (Winger),https://datamb.football/F_Mastantuono_Winger_stats
Y. Suzuki (Winger),https://datamb.football/Y_Suzuki_Winger_stats
D. Scherhant (Winger),https://datamb.football/D_Scherhant_Winger_stats
S. Fini (Winger),https://datamb.football/S_Fini_Winger_stats
G. Kvernadze (Winger),https://datamb.football/G_Kvernadze_Winger_stats
R. Schmid (Winger),https://datamb.football/R_Schmid_Winger_stats
César Palacios (Winger),https://datamb.football/Cesar_Palacios_Winger_stats
O. Bobb (Winger),https://datamb.football/O_Bobb_Winger_stats
J. King (Winger),https://datamb.football/J_King_Winger_stats
Vitinha (Winger),https://datamb.football/Vitinha_Winger_stats
T. Baldanzi (Winger),https://datamb.football/T_Baldanzi_Winger_stats
Joelson Fernandes (Winger),https://datamb.football/Joelson_Fernandes_Winger_stats
Santi García (Winger),https://datamb.football/Santi_Garcia_Winger_stats
Gil Martins (Winger),https://datamb.football/Gil_Martins_Winger_stats
S. Tengstedt (Winger),https://datamb.football/S_Tengstedt_Winger_stats
V. Edvardsen (Winger),https://datamb.football/V_Edvardsen_Winger_stats
M. Suray (Winger),https://datamb.football/M_Suray_Winger_stats
T. van Bergen (Winger),https://datamb.football/T_van_Bergen_Winger_stats
P. Clement (Winger),https://datamb.football/P_Clement_Winger_stats
D. van der Werff (Winger),https://datamb.football/D_van_der_Werff_Winger_stats
A. Grønbæk (Winger),https://datamb.football/A_Gronbaek_Winger_stats
R. Meerveld (Winger),https://datamb.football/R_Meerveld_Winger_stats
M. Rivera (Winger),https://datamb.football/M_Rivera_Winger_stats
J. Trenskow (Winger),https://datamb.football/J_Trenskow_Winger_stats
Patrick Wimmer (Winger),https://datamb.football/Patrick_Wimmer_Winger_stats
Adam Daghim (Winger),https://datamb.football/Adam_Daghim_Winger_stats
E. Stroud (Winger),https://datamb.football/E_Stroud_Winger_stats
M. Belloumi (Winger),https://datamb.football/M_Belloumi_Winger_stats
J. Enciso (Winger),https://datamb.football/J_Enciso_Winger_stats
A. Fatawu (Winger),https://datamb.football/A_Fatawu_Winger_stats
D. Maeda (Winger),https://datamb.football/D_Maeda_Winger_stats
Francisco Conceicão (Winger),https://datamb.football/Francisco_Conceic_o_Winger_stats
M. Zaccagni (Winger),https://datamb.football/M_Zaccagni_Winger_stats
R. Ndiaye (Winger),https://datamb.football/R_Ndiaye_Winger_stats
S. Pierotti (Winger),https://datamb.football/S_Pierotti_Winger_stats
N. Okafor (Winger),https://datamb.football/N_Okafor_Winger_stats
B. Aaronson (Winger),https://datamb.football/B_Aaronson_Winger_stats
F. Thauvin (Winger),https://datamb.football/F_Thauvin_Winger_stats
Roger Brugué (Winger),https://datamb.football/Roger_Brugue_Winger_stats
E. Bardeli (Winger),https://datamb.football/E_Bardeli_Winger_stats
T. Fernández (Winger),https://datamb.football/T_Fernandez_Winger_stats
E. Mbappé (Winger),https://datamb.football/E_Mbappe_Winger_stats
H. Haraldsson (Winger),https://datamb.football/H_Haraldsson_Winger_stats
Victor Muñoz (Winger),https://datamb.football/Victor_Munoz_Winger_stats
C. Gakpo (Winger),https://datamb.football/C_Gakpo_Winger_stats
F. Wirtz (Winger),https://datamb.football/F_Wirtz_Winger_stats
G. Bernardeau (Winger),https://datamb.football/G_Bernardeau_Winger_stats
J. Makengo (Winger),https://datamb.football/J_Makengo_Winger_stats
A. Semenyo (Winger),https://datamb.football/A_Semenyo_Winger_stats
R. Cherki (Winger),https://datamb.football/R_Cherki_Winger_stats
P. Foden (Winger),https://datamb.football/P_Foden_Winger_stats
I. Ndiaye (Winger),https://datamb.football/I_Ndiaye_Winger_stats
Bruno Fernandes (Winger),https://datamb.football/Bruno_Fernandes_Winger_stats
B. Mbeumo (Winger),https://datamb.football/B_Mbeumo_Winger_stats
M. Rashford (Winger),https://datamb.football/M_Rashford_Winger_stats
Raphael Guzzo (Winger),https://datamb.football/Raphael_Guzzo_Winger_stats
Martín Tejón (Winger),https://datamb.football/Martin_Tejon_Winger_stats
Simo Bouzaidi (Winger),https://datamb.football/Simo_Bouzaidi_Winger_stats
B. Limbombe (Winger),https://datamb.football/B_Limbombe_Winger_stats
A. Cissè (Winger),https://datamb.football/A_Cisse_Winger_stats
R. Loftus-Cheek (Winger),https://datamb.football/R_Loftus_Cheek_Winger_stats
S. Idumbo (Winger),https://datamb.football/S_Idumbo_Winger_stats
A. Golovin (Winger),https://datamb.football/A_Golovin_Winger_stats
M. Coulibaly (Winger),https://datamb.football/M_Coulibaly_Winger_stats
A. Colpani (Winger),https://datamb.football/A_Colpani_Winger_stats
Landerson (Winger),https://datamb.football/Landerson_Winger_stats
João Veloso (Winger),https://datamb.football/Jo_o_Veloso_Winger_stats
Rodri Alonso (Winger),https://datamb.football/Rodri_Alonso_Winger_stats
Juan Cruz (Winger),https://datamb.football/Juan_Cruz_Winger_stats
David Larrubia (Winger),https://datamb.football/David_Larrubia_Winger_stats
Joaquín Muñoz (Winger),https://datamb.football/Joaquin_Munoz_Winger_stats
D. Tadić (Winger),https://datamb.football/D_Tadi__Winger_stats
T. Chery (Winger),https://datamb.football/T_Chery_Winger_stats
Miguel Baeza (Winger),https://datamb.football/Miguel_Baeza_Winger_stats
S. Gavriel (Winger),https://datamb.football/S_Gavriel_Winger_stats
Daniel Júnior (Winger),https://datamb.football/Daniel_Junior_Winger_stats
M. Politano (Winger),https://datamb.football/M_Politano_Winger_stats
Alisson Santos (Winger),https://datamb.football/Alisson_Santos_Winger_stats
J. Willock (Winger),https://datamb.football/J_Willock_Winger_stats
H. Barnes (Winger),https://datamb.football/H_Barnes_Winger_stats
A. Elanga (Winger),https://datamb.football/A_Elanga_Winger_stats
G. Hein (Winger),https://datamb.football/G_Hein_Winger_stats
S. Diop (Winger),https://datamb.football/S_Diop_Winger_stats
M. Gibbs-White (Winger),https://datamb.football/M_Gibbs_White_Winger_stats
D. Ndoye (Winger),https://datamb.football/D_Ndoye_Winger_stats
K. Boudache (Winger),https://datamb.football/K_Boudache_Winger_stats
E. Nuamah (Winger),https://datamb.football/E_Nuamah_Winger_stats
Igor Paixão (Winger),https://datamb.football/Igor_Paix_o_Winger_stats
A. Harit (Winger),https://datamb.football/A_Harit_Winger_stats
A. Gomes (Winger),https://datamb.football/A_Gomes_Winger_stats
Aimar Oroz (Winger),https://datamb.football/Aimar_Oroz_Winger_stats
Rubén García (Winger),https://datamb.football/Ruben_Garcia_Winger_stats
Moi Gómez (Winger),https://datamb.football/Moi_Gomez_Winger_stats
J. Dubasin (Winger),https://datamb.football/J_Dubasin_Winger_stats
I. Cissoko (Winger),https://datamb.football/I_Cissoko_Winger_stats
T. Oosting (Winger),https://datamb.football/T_Oosting_Winger_stats
E. Sørensen (Winger),https://datamb.football/E_Sorensen_Winger_stats
D. Mbayo (Winger),https://datamb.football/D_Mbayo_Winger_stats
K. Kvaratskhelia (Winger),https://datamb.football/K_Kvaratskhelia_Winger_stats
D. Doué (Winger),https://datamb.football/D_Doue_Winger_stats
M. Akliouche (Winger),https://datamb.football/M_Akliouche_Winger_stats
I. Perišić (Winger),https://datamb.football/I_Peri_i__Winger_stats
R. van Bommel (Winger),https://datamb.football/R_van_Bommel_Winger_stats
G. Til (Winger),https://datamb.football/G_Til_Winger_stats
G. Vidović (Winger),https://datamb.football/G_Vidovi__Winger_stats
Marvin Pieringer (Winger),https://datamb.football/Marvin_Pieringer_Winger_stats
P. Pagis (Winger),https://datamb.football/P_Pagis_Winger_stats
I. Kebbal (Winger),https://datamb.football/I_Kebbal_Winger_stats
Adrián Bernabé (Winger),https://datamb.football/Adrian_Bernabe_Winger_stats
S. Britschgi (Winger),https://datamb.football/S_Britschgi_Winger_stats
S. Lontani (Winger),https://datamb.football/S_Lontani_Winger_stats
Pepê (Winger),https://datamb.football/Pepe_Winger_stats
William Gomes (Winger),https://datamb.football/William_Gomes_Winger_stats
A. Nusa (Winger),https://datamb.football/A_Nusa_Winger_stats
Sergio Canales (Winger),https://datamb.football/Sergio_Canales_Winger_stats
Iñigo Vicente (Winger),https://datamb.football/Inigo_Vicente_Winger_stats
Andrés Martín (Winger),https://datamb.football/Andres_Martin_Winger_stats
Pablo Garcia (Winger),https://datamb.football/Pablo_Garcia_Winger_stats
Jorge de Frutos (Winger),https://datamb.football/Jorge_de_Frutos_Winger_stats
Álvaro García (Winger),https://datamb.football/_lvaro_Garcia_Winger_stats
Rodrigo Riquelme (Winger),https://datamb.football/Rodrigo_Riquelme_Winger_stats
Pablo Fornals (Winger),https://datamb.football/Pablo_Fornals_Winger_stats
Isco (Winger),https://datamb.football/Isco_Winger_stats
Antony (Winger),https://datamb.football/Antony_Winger_stats
A. Güler (Winger),https://datamb.football/A_Guler_Winger_stats
J. Bellingham (Winger),https://datamb.football/J_Bellingham_Winger_stats
Vinícius Júnior (Winger),https://datamb.football/Vinicius_Junior_Winger_stats
L. Sučić (Winger),https://datamb.football/L_Su_i__Winger_stats
T. Kubo (Winger),https://datamb.football/T_Kubo_Winger_stats
Ander Barrenetxea (Winger),https://datamb.football/Ander_Barrenetxea_Winger_stats
I. Soumaré (Winger),https://datamb.football/I_Soumare_Winger_stats
Mousa Al Tamari (Winger),https://datamb.football/Mousa_Al_Tamari_Winger_stats
Diogo Bezerra (Winger),https://datamb.football/Diogo_Bezerra_Winger_stats
J. Blesa (Winger),https://datamb.football/J_Blesa_Winger_stats
R. Galčík (Winger),https://datamb.football/R_Gal_ik_Winger_stats
D. Špikić (Winger),https://datamb.football/D_piki__Winger_stats
Brenner (Winger),https://datamb.football/Brenner_Winger_stats
Welinton Torrão (Winger),https://datamb.football/Welinton_Torr_o_Winger_stats
Vinícius Lopes (Winger),https://datamb.football/Vinicius_Lopes_Winger_stats
Sorriso (Winger),https://datamb.football/Sorriso_Winger_stats1
José Tavares (Winger),https://datamb.football/Jose_Tavares_Winger_stats
C. Volpato (Winger),https://datamb.football/C_Volpato_Winger_stats
A. Laurienté (Winger),https://datamb.football/A_Lauriente_Winger_stats
A. Aouchiche (Winger),https://datamb.football/A_Aouchiche_Winger_stats
D. Ljubičić (Winger),https://datamb.football/D_Ljubi_i__Winger_stats
Oso (Winger),https://datamb.football/Oso_Winger_stats
Peque Fernández (Winger),https://datamb.football/Peque_Fernandez_Winger_stats
C. Ejuke (Winger),https://datamb.football/C_Ejuke_Winger_stats
M. Sierra (Winger),https://datamb.football/M_Sierra_Winger_stats
M. van Bergen (Winger),https://datamb.football/M_van_Bergen_Winger_stats
R. Van Cruijsen (Winger),https://datamb.football/R_Van_Cruijsen_Winger_stats
A. Santos (Winger),https://datamb.football/A_Santos_Winger_stats
C. Terho (Winger),https://datamb.football/C_Terho_Winger_stats
S. Mito (Winger),https://datamb.football/S_Mito_Winger_stats
Mario Dorgeles (Winger),https://datamb.football/Mario_Dorgeles_Winger_stats
Flávio Gonçalves (Winger),https://datamb.football/Flavio_Goncalves_Winger_stats
Geny Catamo (Winger),https://datamb.football/Geny_Catamo_Winger_stats
Rodrigo Zalazar (Winger),https://datamb.football/Rodrigo_Zalazar_Winger_stats
G. Yassine (Winger),https://datamb.football/G_Yassine_Winger_stats
S. Nanasi (Winger),https://datamb.football/S_Nanasi_Winger_stats
T. Hume (Winger),https://datamb.football/T_Hume_Winger_stats
N. Angulo (Winger),https://datamb.football/N_Angulo_Winger_stats
E. Le Fée (Winger),https://datamb.football/E_Le_Fee_Winger_stats
S. Hetli (Winger),https://datamb.football/S_Hetli_Winger_stats
Rui Mendes (Winger),https://datamb.football/Rui_Mendes_Winger_stats
P. Brouwer (Winger),https://datamb.football/P_Brouwer_Winger_stats
Nikola Vlašić (Winger),https://datamb.football/Nikola_Vla_i__Winger_stats
M. Tel (Winger),https://datamb.football/M_Tel_Winger_stats
Mateus Fernandes (Winger),https://datamb.football/Mateus_Fernandes_Winger_stats
T. Jørgensen (Winger),https://datamb.football/T_Jorgensen_Winger_stats
J. Vignolo (Winger),https://datamb.football/J_Vignolo_Winger_stats
Yann Gboho (Winger),https://datamb.football/Yann_Gboho_Winger_stats
M. Ifnaoui (Winger),https://datamb.football/M_Ifnaoui_Winger_stats
Younes Taha (Winger),https://datamb.football/Younes_Taha_Winger_stats
D. Rots (Winger),https://datamb.football/D_Rots_Winger_stats
S. Ørjasæter (Winger),https://datamb.football/S_rjasaeter_Winger_stats
M. Pjaca (Winger),https://datamb.football/M_Pjaca_Winger_stats
J. Ekkelenkamp (Winger),https://datamb.football/J_Ekkelenkamp_Winger_stats
R. Khedira (Winger),https://datamb.football/R_Khedira_Winger_stats
Y. Cathline (Winger),https://datamb.football/Y_Cathline_Winger_stats
Ángel Alarcón (Winger),https://datamb.football/_ngel_Alarcon_Winger_stats
Javi Guerra (Winger),https://datamb.football/Javi_Guerra_Winger_stats
R. Sato (Winger),https://datamb.football/R_Sato_Winger_stats
T. Buchanan (Winger),https://datamb.football/T_Buchanan_Winger_stats
Alberto Moleiro (Winger),https://datamb.football/Alberto_Moleiro_Winger_stats
N. Pépé (Winger),https://datamb.football/N_Pepe_Winger_stats
Miguel Nogueira (Winger),https://datamb.football/Miguel_Nogueira_Winger_stats
Gustavo Silva (Winger),https://datamb.football/Gustavo_Silva_Winger_stats
Oumar Camara (Winger),https://datamb.football/Oumar_Camara_Winger_stats
Samu Silva (Winger),https://datamb.football/Samu_Silva_Winger_stats
M. Grüll (Winger),https://datamb.football/M_Grull_Winger_stats
E. Gürbüz (Winger),https://datamb.football/E_Gurbuz_Winger_stats
J. Slory (Winger),https://datamb.football/J_Slory_Winger_stats
U. van Aalst (Winger),https://datamb.football/U_van_Aalst_Winger_stats
E. Rottier (Striker),https://datamb.football/E_Rottier_Striker_stats
Y. Eduardo (Striker),https://datamb.football/Y_Eduardo_Striker_stats
J. Bal (Striker),https://datamb.football/J_Bal_Striker_stats
M. Meerdink (Striker),https://datamb.football/M_Meerdink_Striker_stats
Andre Clóvis (Striker),https://datamb.football/Andre_Clovis_Striker_stats
T. Arokodare (Striker),https://datamb.football/T_Arokodare_Striker_stats
K. Dolberg (Striker),https://datamb.football/K_Dolberg_Striker_stats
Vivaldo Semedo (Striker),https://datamb.football/Vivaldo_Semedo_Striker_stats
A. El Ouazzani (Striker),https://datamb.football/A_El_Ouazzani_Striker_stats
Iván Barbero (Striker),https://datamb.football/Ivan_Barbero_Striker_stats
K. Havertz (Striker),https://datamb.football/K_Havertz_Striker_stats
N. Jackson (Striker),https://datamb.football/N_Jackson_Striker_stats
G. Scamacca (Striker),https://datamb.football/G_Scamacca_Striker_stats
Gorka Guruzeta (Striker),https://datamb.football/Gorka_Guruzeta_Striker_stats
Iñaki Williams (Striker),https://datamb.football/Inaki_Williams_Striker_stats
Lee Kang-In (Striker),https://datamb.football/Lee_Kang_In_Striker_stats
Álex Baena (Striker),https://datamb.football/_lex_Baena_Striker_stats
A. Aylola Lookman (Striker),https://datamb.football/A_Aylola_Lookman_Striker_stats
Michael Gregoritsch (Striker),https://datamb.football/Michael_Gregoritsch_Striker_stats
D. Namaso (Striker),https://datamb.football/D_Namaso_Striker_stats
Raphinha (Striker),https://datamb.football/Raphinha_Striker_stats
P. Schick (Striker),https://datamb.football/P_Schick_Striker_stats
V. Pavlidis (Striker),https://datamb.football/V_Pavlidis_Striker_stats
R. Piccoli (Striker),https://datamb.football/R_Piccoli_Striker_stats
S. Guirassy (Striker),https://datamb.football/S_Guirassy_Striker_stats
Tim Kleindienst (Striker),https://datamb.football/Tim_Kleindienst_Striker_stats
Evanilson (Striker),https://datamb.football/Evanilson_Striker_stats
Igor Thiago (Striker),https://datamb.football/Igor_Thiago_Striker_stats
L. Ajorque (Striker),https://datamb.football/L_Ajorque_Striker_stats
C. Kostoulas (Striker),https://datamb.football/C_Kostoulas_Striker_stats
N. Binder (Striker),https://datamb.football/N_Binder_Striker_stats
S. Bouhoudane (Striker),https://datamb.football/S_Bouhoudane_Striker_stats
A. Jatta (Striker),https://datamb.football/A_Jatta_Striker_stats
Henrique Araújo (Striker),https://datamb.football/Henrique_Araujo_Striker_stats
Ferrán Jutglà (Striker),https://datamb.football/Ferran_Jutgla_Striker_stats
João Pedro (Striker),https://datamb.football/Jo_o_Pedro_Striker_stats
A. Douvikas (Striker),https://datamb.football/A_Douvikas_Striker_stats
T. Awoniyi (Striker),https://datamb.football/T_Awoniyi_Striker_stats
M. Díaz (Striker),https://datamb.football/M_Diaz_Striker_stats
L. Boyé (Striker),https://datamb.football/L_Boye_Striker_stats
Toni Martínez (Striker),https://datamb.football/Toni_Martinez_Striker_stats
B. Nsongo Tonfack (Striker),https://datamb.football/B_Nsongo_Tonfack_Striker_stats
P. Aubameyang (Striker),https://datamb.football/P_Aubameyang_Striker_stats
Jonathan Burkardt (Striker),https://datamb.football/Jonathan_Burkardt_Striker_stats
Younes Ebnoutalib (Striker),https://datamb.football/Younes_Ebnoutalib_Striker_stats
Fer Niño (Striker),https://datamb.football/Fer_Nino_Striker_stats
David Mokwa (Striker),https://datamb.football/David_Mokwa_Striker_stats
Roberto Fernández (Striker),https://datamb.football/Roberto_Fernandez_Striker_stats
Y. Begraoui (Striker),https://datamb.football/Y_Begraoui_Striker_stats
L. Antonetti (Striker),https://datamb.football/L_Antonetti_Striker_stats
T. Barry (Striker),https://datamb.football/T_Barry_Striker_stats
D. Garden (Striker),https://datamb.football/D_Garden_Striker_stats
G. Koutsias (Striker),https://datamb.football/G_Koutsias_Striker_stats
A. Ueda (Striker),https://datamb.football/A_Ueda_Striker_stats
M. Pellegrino (Striker),https://datamb.football/M_Pellegrino_Striker_stats
A. Descotte (Striker),https://datamb.football/A_Descotte_Striker_stats
O. Romenij (Striker),https://datamb.football/O_Romenij_Striker_stats
L. Zeefuik (Striker),https://datamb.football/L_Zeefuik_Striker_stats
I. Matanović (Striker),https://datamb.football/I_Matanovi__Striker_stats
A. Raimondo (Striker),https://datamb.football/A_Raimondo_Striker_stats
Gonzalo García (Striker),https://datamb.football/Gonzalo_Garcia_Striker_stats
L. Colombo (Striker),https://datamb.football/L_Colombo_Striker_stats
E. Ünal (Striker),https://datamb.football/E_nal_Striker_stats
M. Satriano (Striker),https://datamb.football/M_Satriano_Striker_stats
Héctor Hernández (Striker),https://datamb.football/Hector_Hernandez_Striker_stats
E. Flataker (Striker),https://datamb.football/E_Flataker_Striker_stats
B. Willumsson (Striker),https://datamb.football/B_Willumsson_Striker_stats
D. Vente (Striker),https://datamb.football/D_Vente_Striker_stats
O. McBurnie (Striker),https://datamb.football/O_McBurnie_Striker_stats
P. Esposito (Striker),https://datamb.football/P_Esposito_Striker_stats
L. Martínez (Striker),https://datamb.football/L_Martinez_Striker_stats
Emersonn (Striker),https://datamb.football/Emersonn_Striker_stats
R. Kolo Muani (Striker),https://datamb.football/R_Kolo_Muani_Striker_stats
B. Dia (Striker),https://datamb.football/B_Dia_Striker_stats
M. Samatta (Striker),https://datamb.football/M_Samatta_Striker_stats
Dame Gueye (Striker),https://datamb.football/Dame_Gueye_Striker_stats
Louis Mafouta (Striker),https://datamb.football/Louis_Mafouta_Striker_stats
D. Calvert-Lewin (Striker),https://datamb.football/D_Calvert_Lewin_Striker_stats
A. Sima (Striker),https://datamb.football/A_Sima_Striker_stats
Iván Romero (Striker),https://datamb.football/Ivan_Romero_Striker_stats
O. Giroud (Striker),https://datamb.football/O_Giroud_Striker_stats
A. Isak (Striker),https://datamb.football/A_Isak_Striker_stats
M. Koné (Striker),https://datamb.football/M_Kone_Striker_stats
Phillip Tietz (Striker),https://datamb.football/Phillip_Tietz_Striker_stats
E. Haaland (Striker),https://datamb.football/E_Haaland_Striker_stats
Matheus Cunha (Striker),https://datamb.football/Matheus_Cunha_Striker_stats
Adrián Butzke (Striker),https://datamb.football/Adrian_Butzke_Striker_stats
Gonçalo Ramos (Striker),https://datamb.football/Goncalo_Ramos_Striker_stats
P. Brunner (Striker),https://datamb.football/P_Brunner_Striker_stats
Gustavo Varela (Striker),https://datamb.football/Gustavo_Varela_Striker_stats
A. Parsemain (Striker),https://datamb.football/A_Parsemain_Striker_stats
Chupe (Striker),https://datamb.football/Chupe_Striker_stats
K. Sierhuis (Striker),https://datamb.football/K_Sierhuis_Striker_stats
B. Linssen (Striker),https://datamb.football/B_Linssen_Striker_stats
Pablo Ruan (Striker),https://datamb.football/Pablo_Ruan_Striker_stats
Rasmus Højlund (Striker),https://datamb.football/Rasmus_Hojlund_Striker_stats
Y. Wissa (Striker),https://datamb.football/Y_Wissa_Striker_stats
Igor Jesus (Striker),https://datamb.football/Igor_Jesus_Striker_stats
L. Openda (Striker),https://datamb.football/L_Openda_Striker_stats
A. Gouiri (Striker),https://datamb.football/A_Gouiri_Striker_stats
A. Budimir (Striker),https://datamb.football/A_Budimir_Striker_stats
Raul García (Striker),https://datamb.football/Raul_Garcia_Striker_stats
K. Kostons (Striker),https://datamb.football/K_Kostons_Striker_stats
Ferrán Torres (Striker),https://datamb.football/Ferran_Torres_Striker_stats
R. Pepi (Striker),https://datamb.football/R_Pepi_Striker_stats
L. Sinayoko (Striker),https://datamb.football/L_Sinayoko_Striker_stats
E. Touré (Striker),https://datamb.football/E_Toure_Striker_stats
André Silva (Striker),https://datamb.football/Andre_Silva_Striker_stats
Y. Zabiri (Striker),https://datamb.football/Y_Zabiri_Striker_stats
Asier Villalibre (Striker),https://datamb.football/Asier_Villalibre_Striker_stats
Sergio Camello (Striker),https://datamb.football/Sergio_Camello_Striker_stats
R. Nteka (Striker),https://datamb.football/R_Nteka_Striker_stats
C. Hernández (Striker),https://datamb.football/C_Hernandez_Striker_stats
K. Mbappé (Striker),https://datamb.football/K_Mbappe_Striker_stats
Mikel Oyarzabal (Striker),https://datamb.football/Mikel_Oyarzabal_Striker_stats
O. Óskarsson (Striker),https://datamb.football/O_skarsson_Striker_stats
E. Lepaul (Striker),https://datamb.football/E_Lepaul_Striker_stats
Tamble Monteiro (Striker),https://datamb.football/Tamble_Monteiro_Striker_stats
D. Malen (Striker),https://datamb.football/D_Malen_Striker_stats
P. Dybala (Striker),https://datamb.football/P_Dybala_Striker_stats
Fernando (Striker),https://datamb.football/Fernando_Striker_stats
Gonçalo Paciência (Striker),https://datamb.football/Goncalo_Paciencia_Striker_stats
K. Bowie (Striker),https://datamb.football/K_Bowie_Striker_stats
M. Sylla (Striker),https://datamb.football/M_Sylla_Striker_stats
R. Ure (Striker),https://datamb.football/R_Ure_Striker_stats
M. Zonneveld (Striker),https://datamb.football/M_Zonneveld_Striker_stats
Fran Navarro (Striker),https://datamb.football/Fran_Navarro_Striker_stats
Pau Víctor (Striker),https://datamb.football/Pau_Victor_Striker_stats
L. Suárez (Striker),https://datamb.football/L_Suarez_Striker_stats
F. Ioannidis (Striker),https://datamb.football/F_Ioannidis_Striker_stats
Jacobo Ortega (Striker),https://datamb.football/Jacobo_Ortega_Striker_stats
D. Pejčinović (Striker),https://datamb.football/D_Pej_inovi__Striker_stats
B. Brobbey (Striker),https://datamb.football/B_Brobbey_Striker_stats
N. Thórisson (Striker),https://datamb.football/N_Thorisson_Striker_stats
J. Seedorf (Striker),https://datamb.football/J_Seedorf_Striker_stats
Giovanni Simeone (Striker),https://datamb.football/Giovanni_Simeone_Striker_stats
Ché Adams (Striker),https://datamb.football/Che_Adams_Striker_stats
Omar Marmoush (Striker),https://datamb.football/Omar_Marmoush_Striker_stats
J. Russell-Rowe (Striker),https://datamb.football/J_Russell_Rowe_Striker_stats
S. Hidalgo Massa (Striker),https://datamb.football/S_Hidalgo_Massa_Striker_stats
R. Ripart (Striker),https://datamb.football/R_Ripart_Striker_stats
W. Weghorst (Striker),https://datamb.football/W_Weghorst_Striker_stats
M. Ljubičić (Striker),https://datamb.football/M_Ljubi_i__Striker_stats
A. Stepanov (Striker),https://datamb.football/A_Stepanov_Striker_stats
A. Danjuma (Striker),https://datamb.football/A_Danjuma_Striker_stats
U. Sadiq (Striker),https://datamb.football/U_Sadiq_Striker_stats
J. Yeboah (Striker),https://datamb.football/J_Yeboah_Striker_stats
A. Adams (Striker),https://datamb.football/A_Adams_Striker_stats
G. Mikautadze (Striker),https://datamb.football/G_Mikautadze_Striker_stats
Gerard Moreno (Striker),https://datamb.football/Gerard_Moreno_Striker_stats
Ayoze Pérez (Striker),https://datamb.football/Ayoze_Perez_Striker_stats
Alioune Ndoye (Striker),https://datamb.football/Alioune_Ndoye_Striker_stats
D. Haen (Striker),https://datamb.football/D_Haen_Striker_stats
Académico de Viseu F.C. (Team),https://datamb.football/Academico_de_Viseu_F_C__Team_stats
ADO Den Haag (Team),https://datamb.football/ADO_Den_Haag_Team_stats
Ajax (Team),https://datamb.football/Ajax_Team_stats
Alverca (Team),https://datamb.football/Alverca_Team_stats
Angers SCO (Team),https://datamb.football/Angers_SCO_Team_stats
Arouca (Team),https://datamb.football/Arouca_Team_stats
Arsenal (Team),https://datamb.football/Arsenal_Team_stats
Aston Villa (Team),https://datamb.football/Aston_Villa_Team_stats
Atalanta (Team),https://datamb.football/Atalanta_Team_stats
Athletic Club (Team),https://datamb.football/Athletic_Club_Team_stats
Atlético Madrid (Team),https://datamb.football/Atletico_Madrid_Team_stats
Augsburg (Team),https://datamb.football/Augsburg_Team_stats
Auxerre (Team),https://datamb.football/Auxerre_Team_stats
AZ (Team),https://datamb.football/AZ_Team_stats
Barcelona (Team),https://datamb.football/Barcelona_Team_stats
Bayer Leverkusen (Team),https://datamb.football/Bayer_Leverkusen_Team_stats
Bayern München (Team),https://datamb.football/Bayern_Munchen_Team_stats
Benfica (Team),https://datamb.football/Benfica_Team_stats
Bologna (Team),https://datamb.football/Bologna_Team_stats
Borussia Dortmund (Team),https://datamb.football/Borussia_Dortmund_Team_stats
Borussia Mgladbach (Team),https://datamb.football/Borussia_Mgladbach_Team_stats
Bournemouth (Team),https://datamb.football/Bournemouth_Team_stats
Brentford (Team),https://datamb.football/Brentford_Team_stats
Brest (Team),https://datamb.football/Brest_Team_stats
Brighton (Team),https://datamb.football/Brighton_Team_stats
Cagliari (Team),https://datamb.football/Cagliari_Team_stats
Cambuur (Team),https://datamb.football/Cambuur_Team_stats
Casa Pia AC (Team),https://datamb.football/Casa_Pia_AC_Team_stats
Celta de Vigo (Team),https://datamb.football/Celta_de_Vigo_Team_stats
Chelsea (Team),https://datamb.football/Chelsea_Team_stats
Como (Team),https://datamb.football/Como_Team_stats
Coventry City (Team),https://datamb.football/Coventry_City_Team_stats
Crystal Palace (Team),https://datamb.football/Crystal_Palace_Team_stats
Deportivo Alavés (Team),https://datamb.football/Deportivo_Alaves_Team_stats
Deportivo La Coruña (Team),https://datamb.football/Deportivo_La_Coruna_Team_stats
Eintracht Frankfurt (Team),https://datamb.football/Eintracht_Frankfurt_Team_stats
Elche (Team),https://datamb.football/Elche_Team_stats
Elversberg (Team),https://datamb.football/Elversberg_Team_stats
Espanyol (Team),https://datamb.football/Espanyol_Team_stats
Estoril (Team),https://datamb.football/Estoril_Team_stats
Estrela Amadora (Team),https://datamb.football/Estrela_Amadora_Team_stats
Everton (Team),https://datamb.football/Everton_Team_stats
Excelsior (Team),https://datamb.football/Excelsior_Team_stats
Famalicão (Team),https://datamb.football/Famalic_o_Team_stats
Feyenoord (Team),https://datamb.football/Feyenoord_Team_stats
Fiorentina (Team),https://datamb.football/Fiorentina_Team_stats
Fortuna Sittard (Team),https://datamb.football/Fortuna_Sittard_Team_stats
Freiburg (Team),https://datamb.football/Freiburg_Team_stats
Frosinone (Team),https://datamb.football/Frosinone_Team_stats
Fulham (Team),https://datamb.football/Fulham_Team_stats
Genoa (Team),https://datamb.football/Genoa_Team_stats
Getafe (Team),https://datamb.football/Getafe_Team_stats
Gil Vicente (Team),https://datamb.football/Gil_Vicente_Team_stats
Go Ahead Eagles (Team),https://datamb.football/Go_Ahead_Eagles_Team_stats
Groningen (Team),https://datamb.football/Groningen_Team_stats
Hamburger SV (Team),https://datamb.football/Hamburger_SV_Team_stats
Heerenveen (Team),https://datamb.football/Heerenveen_Team_stats
Hoffenheim (Team),https://datamb.football/Hoffenheim_Team_stats
Hull City (Team),https://datamb.football/Hull_City_Team_stats
Internazionale (Team),https://datamb.football/Internazionale_Team_stats
Ipswich Town (Team),https://datamb.football/Ipswich_Town_Team_stats
Juventus (Team),https://datamb.football/Juventus_Team_stats
Köln (Team),https://datamb.football/Koln_Team_stats
Lazio (Team),https://datamb.football/Lazio_Team_stats
Le Havre (Team),https://datamb.football/Le_Havre_Team_stats
Le Mans (Team),https://datamb.football/Le_Mans_Team_stats
Lecce (Team),https://datamb.football/Lecce_Team_stats
Leeds United (Team),https://datamb.football/Leeds_United_Team_stats
Lens (Team),https://datamb.football/Lens_Team_stats
Levante (Team),https://datamb.football/Levante_Team_stats
Lille (Team),https://datamb.football/Lille_Team_stats
Liverpool (Team),https://datamb.football/Liverpool_Team_stats
Lorient (Team),https://datamb.football/Lorient_Team_stats
Málaga (Team),https://datamb.football/Malaga_Team_stats
Mainz 05 (Team),https://datamb.football/Mainz_05_Team_stats
Manchester City (Team),https://datamb.football/Manchester_City_Team_stats
Manchester United (Team),https://datamb.football/Manchester_United_Team_stats
Marítimo (Team),https://datamb.football/Maritimo_Team_stats
Milan (Team),https://datamb.football/Milan_Team_stats
Monaco (Team),https://datamb.football/Monaco_Team_stats
Monza (Team),https://datamb.football/Monza_Team_stats
Moreirense (Team),https://datamb.football/Moreirense_Team_stats
Nacional (Team),https://datamb.football/Nacional_Team_stats
Napoli (Team),https://datamb.football/Napoli_Team_stats
NEC (Team),https://datamb.football/NEC_Team_stats
Newcastle United (Team),https://datamb.football/Newcastle_United_Team_stats
Nice (Team),https://datamb.football/Nice_Team_stats
Nottingham Forest (Team),https://datamb.football/Nottingham_Forest_Team_stats
Olympique Lyonnais (Team),https://datamb.football/Olympique_Lyonnais_Team_stats
Olympique Marseille (Team),https://datamb.football/Olympique_Marseille_Team_stats
Osasuna (Team),https://datamb.football/Osasuna_Team_stats
Paderborn (Team),https://datamb.football/Paderborn_Team_stats
Paris (Team),https://datamb.football/Paris_Team_stats
Parma (Team),https://datamb.football/Parma_Team_stats
PEC Zwolle (Team),https://datamb.football/PEC_Zwolle_Team_stats
Porto (Team),https://datamb.football/Porto_Team_stats
PSG (Team),https://datamb.football/PSG_Team_stats
PSV (Team),https://datamb.football/PSV_Team_stats
Racing Santander (Team),https://datamb.football/Racing_Santander_Team_stats
Rayo Vallecano (Team),https://datamb.football/Rayo_Vallecano_Team_stats
RB Leipzig (Team),https://datamb.football/RB_Leipzig_Team_stats
Real Betis (Team),https://datamb.football/Real_Betis_Team_stats
Real Madrid (Team),https://datamb.football/Real_Madrid_Team_stats
Real Sociedad (Team),https://datamb.football/Real_Sociedad_Team_stats
Rennes (Team),https://datamb.football/Rennes_Team_stats
Rio Ave (Team),https://datamb.football/Rio_Ave_Team_stats
Roma (Team),https://datamb.football/Roma_Team_stats
Santa Clara (Team),https://datamb.football/Santa_Clara_Team_stats
Sassuolo (Team),https://datamb.football/Sassuolo_Team_stats
Schalke 04 (Team),https://datamb.football/Schalke_04_Team_stats
Sevilla (Team),https://datamb.football/Sevilla_Team_stats
Sparta Rotterdam (Team),https://datamb.football/Sparta_Rotterdam_Team_stats
Sporting Braga (Team),https://datamb.football/Sporting_Braga_Team_stats
Sporting CP (Team),https://datamb.football/Sporting_CP_Team_stats
Strasbourg (Team),https://datamb.football/Strasbourg_Team_stats
Stuttgart (Team),https://datamb.football/Stuttgart_Team_stats
Sunderland (Team),https://datamb.football/Sunderland_Team_stats
Telstar (Team),https://datamb.football/Telstar_Team_stats
Torino (Team),https://datamb.football/Torino_Team_stats
Tottenham Hotspur (Team),https://datamb.football/Tottenham_Hotspur_Team_stats
Toulouse (Team),https://datamb.football/Toulouse_Team_stats
Troyes (Team),https://datamb.football/Troyes_Team_stats
Twente (Team),https://datamb.football/Twente_Team_stats
Udinese (Team),https://datamb.football/Udinese_Team_stats
Union Berlin (Team),https://datamb.football/Union_Berlin_Team_stats
Utrecht (Team),https://datamb.football/Utrecht_Team_stats
Valencia (Team),https://datamb.football/Valencia_Team_stats
Venezia (Team),https://datamb.football/Venezia_Team_stats
Villarreal (Team),https://datamb.football/Villarreal_Team_stats
Vitória Guimarães (Team),https://datamb.football/Vitoria_Guimar_es_Team_stats
Werder Bremen (Team),https://datamb.football/Werder_Bremen_Team_stats
Willem II (Team),https://datamb.football/Willem_II_Team_stats
